Active_Status,IE,SME1,SME2,ICT1,HB1,OC1,ICT2,FOMO,OC2,ICT3,HB2,OC3,AIB1,AIB2,AIB3,AIB4,FL1,FL2,FL3
Yes,1 to 3 years,15+ hours,"X (Twitter), YouTube, Financial News Websites (Bloomberg, Reuters)",3 - Neutral,5 - Strongly Agree,4 - Agree,1 - Strongly Disagree,5 - Strongly Agree,4 - Agree,5 - Strongly Agree,4 - Agree,5 - Strongly Agree,2 - Disagree,3 - Neutral,4 - Agree,2 - Disagree,Less than today,FALSE,High risk
Yes,6 months to 1 year,8–14 hours,"YouTube, Reddit (e.g., r/wallstreetbets)",1 - Strongly Disagree,1 - Strongly Disagree,4 - Agree,1 - Strongly Disagree,4 - Agree,1 - Strongly Disagree,4 - Agree,4 - Agree,4 - Agree,4 - Agree,1 - Strongly Disagree,2 - Disagree,2 - Disagree,Less than today,FALSE,High risk
Yes,Less than 6 months,1–3 hours,"YouTube, Instagram / TikTok, Financial News Websites (Bloomberg, Reuters)",3 - Neutral,2 - Disagree,4 - Agree,3 - Neutral,3 - Neutral,4 - Agree,3 - Neutral,2 - Disagree,3 - Neutral,3 - Neutral,3 - Neutral,3 - Neutral,3 - Neutral,Less than today,FALSE,Low risk
Yes,,1–3 hours,"X (Twitter), YouTube, Instagram / TikTok",2 - Disagree,1 - Strongly Disagree,4 - Agree,2 - Disagree,4 - Agree,1 - Strongly Disagree,2 - Disagree,2 - Disagree,4 - Agree,2 - Disagree,3 - Neutral,1 - Strongly Disagree,1 - Strongly Disagree,Less than today,,
Yes,3 to 5 years,1–3 hours,"X (Twitter), Instagram / TikTok",3 - Neutral,3 - Neutral,2 - Disagree,2 - Disagree,3 - Neutral,3 - Neutral,1 - Strongly Disagree,3 - Neutral,3 - Neutral,1 - Strongly Disagree,3 - Neutral,1 - Strongly Disagree,1 - Strongly Disagree,Less than today,FALSE,High risk
Yes,6 months to 1 year,4–7 hours,"X (Twitter), Instagram / TikTok, Financial News Websites (Bloomberg, Reuters)",3 - Neutral,2 - Disagree,2 - Disagree,3 - Neutral,3 - Neutral,3 - Neutral,2 - Disagree,4 - Agree,5 - Strongly Agree,4 - Agree,2 - Disagree,1 - Strongly Disagree,4 - Agree,Less than today,FALSE,High risk
No,Less than 6 months,,,,,,,,,,,,,,,,,,
No,Less than 6 months,,,,,,,,,,,,,,,,,,
No,Less than 6 months,,,,,,,,,,,,,,,,,,
No,Less than 6 months,,,,,,,,,,,,,,,,,,
Yes,Less than 6 months,1–3 hours,"YouTube, Instagram / TikTok",4 - Agree,4 - Agree,2 - Disagree,4 - Agree,4 - Agree,4 - Agree,2 - Disagree,5 - Strongly Agree,2 - Disagree,2 - Disagree,2 - Disagree,1 - Strongly Disagree,2 - Disagree,I don't know,I don't know,Low risk
Yes,6 months to 1 year,8–14 hours,"YouTube, Instagram / TikTok, Financial News Websites (Bloomberg, Reuters)",3 - Neutral,4 - Agree,1 - Strongly Disagree,3 - Neutral,2 - Disagree,4 - Agree,2 - Disagree,4 - Agree,3 - Neutral,4 - Agree,4 - Agree,3 - Neutral,3 - Neutral,Less than today,FALSE,High risk
Yes,Less than 6 months,1–3 hours,"YouTube, Instagram / TikTok",3 - Neutral,4 - Agree,2 - Disagree,3 - Neutral,4 - Agree,2 - Disagree,3 - Neutral,4 - Agree,4 - Agree,3 - Neutral,3 - Neutral,2 - Disagree,2 - Disagree,I don't know,FALSE,Low risk
Yes,,,"Instagram / TikTok, Financial News Websites (Bloomberg, Reuters)",3 - Neutral,2 - Disagree,3 - Neutral,4 - Agree,4 - Agree,3 - Neutral,2 - Disagree,3 - Neutral,3 - Neutral,4 - Agree,1 - Strongly Disagree,2 - Disagree,3 - Neutral,Less than today,,High risk
No,Less than 6 months,,,,,,,,,,,,,,,,,,
No,Less than 6 months,,,,,,,,,,,,,,,,,,
Yes,6 months to 1 year,1–3 hours,"X (Twitter), Instagram / TikTok",3 - Neutral,4 - Agree,3 - Neutral,4 - Agree,2 - Disagree,4 - Agree,4 - Agree,3 - Neutral,4 - Agree,4 - Agree,3 - Neutral,4 - Agree,4 - Agree,Exactly the same,FALSE,High risk
Yes,6 months to 1 year,1–3 hours,"Reddit (e.g., r/wallstreetbets), Financial News Websites (Bloomberg, Reuters)",3 - Neutral,3 - Neutral,4 - Agree,3 - Neutral,3 - Neutral,3 - Neutral,4 - Agree,4 - Agree,4 - Agree,3 - Neutral,4 - Agree,4 - Agree,4 - Agree,Exactly the same,I don't know,High risk
Yes,6 months to 1 year,1–3 hours,"X (Twitter), YouTube, Instagram / TikTok",4 - Agree,3 - Neutral,4 - Agree,4 - Agree,3 - Neutral,3 - Neutral,4 - Agree,5 - Strongly Agree,1 - Strongly Disagree,3 - Neutral,3 - Neutral,2 - Disagree,3 - Neutral,I don't know,TRUE,Low risk
Yes,,,"Instagram / TikTok, Financial News Websites (Bloomberg, Reuters)",3 - Neutral,3 - Neutral,2 - Disagree,3 - Neutral,3 - Neutral,3 - Neutral,3 - Neutral,3 - Neutral,3 - Neutral,3 - Neutral,3 - Neutral,3 - Neutral,3 - Neutral,Less than today,FALSE,
Yes,Less than 6 months,Less than 1 hour,"YouTube, Instagram / TikTok, Financial News Websites (Bloomberg, Reuters)",4 - Agree,4 - Agree,2 - Disagree,3 - Neutral,3 - Neutral,1 - Strongly Disagree,2 - Disagree,4 - Agree,3 - Neutral,3 - Neutral,3 - Neutral,2 - Disagree,3 - Neutral,Less than today,I don't know,Low risk
Yes,,Less than 1 hour,YouTube,3 - Neutral,3 - Neutral,4 - Agree,4 - Agree,4 - Agree,4 - Agree,3 - Neutral,4 - Agree,4 - Agree,2 - Disagree,3 - Neutral,3 - Neutral,3 - Neutral,More than today,TRUE,High risk
Yes,Less than 6 months,1–3 hours,"YouTube, Reddit (e.g., r/wallstreetbets), Instagram / TikTok",2 - Disagree,4 - Agree,3 - Neutral,2 - Disagree,4 - Agree,1 - Strongly Disagree,4 - Agree,1 - Strongly Disagree,3 - Neutral,2 - Disagree,2 - Disagree,1 - Strongly Disagree,2 - Disagree,I don't know,I don't know,I don't know
Yes,6 months to 1 year,1–3 hours,"YouTube, Reddit (e.g., r/wallstreetbets)",4 - Agree,3 - Neutral,3 - Neutral,4 - Agree,3 - Neutral,4 - Agree,3 - Neutral,4 - Agree,4 - Agree,4 - Agree,4 - Agree,5 - Strongly Agree,5 - Strongly Agree,Exactly the same,FALSE,Low risk
Yes,6 months to 1 year,1–3 hours,"X (Twitter), Financial News Websites (Bloomberg, Reuters)",3 - Neutral,3 - Neutral,3 - Neutral,2 - Disagree,3 - Neutral,4 - Agree,3 - Neutral,4 - Agree,3 - Neutral,4 - Agree,2 - Disagree,3 - Neutral,3 - Neutral,Less than today,FALSE,High risk
Yes,1 to 3 years,1–3 hours,"X (Twitter), YouTube, Instagram / TikTok",2 - Disagree,4 - Agree,4 - Agree,3 - Neutral,4 - Agree,4 - Agree,3 - Neutral,4 - Agree,4 - Agree,1 - Strongly Disagree,1 - Strongly Disagree,1 - Strongly Disagree,5 - Strongly Agree,Less than today,TRUE,Low risk
Yes,1 to 3 years,Less than 1 hour,X (Twitter),1 - Strongly Disagree,2 - Disagree,1 - Strongly Disagree,3 - Neutral,3 - Neutral,2 - Disagree,4 - Agree,2 - Disagree,3 - Neutral,2 - Disagree,1 - Strongly Disagree,3 - Neutral,3 - Neutral,Exactly the same,TRUE,No risk
Yes,Less than 6 months,Less than 1 hour,"YouTube, Reddit (e.g., r/wallstreetbets), Instagram / TikTok",3 - Neutral,2 - Disagree,2 - Disagree,3 - Neutral,3 - Neutral,3 - Neutral,2 - Disagree,4 - Agree,3 - Neutral,3 - Neutral,2 - Disagree,2 - Disagree,3 - Neutral,Less than today,I don't know,Low risk
Yes,Less than 6 months,Less than 1 hour,"X (Twitter), YouTube, Reddit (e.g., r/wallstreetbets), Instagram / TikTok, Financial News Websites (Bloomberg, Reuters, Business Recorder)",3 - Neutral,2 - Disagree,1 - Strongly Disagree,3 - Neutral,3 - Neutral,3 - Neutral,3 - Neutral,3 - Neutral,3 - Neutral,3 - Neutral,3 - Neutral,3 - Neutral,3 - Neutral,I don't know,I don't know,I don't know
Yes,,4–7 hours,"X (Twitter), Reddit (e.g., r/wallstreetbets), Financial News Websites (Bloomberg, Reuters, Business Recorder)",3 - Neutral,4 - Agree,5 - Strongly Agree,5 - Strongly Agree,3 - Neutral,5 - Strongly Agree,4 - Agree,3 - Neutral,3 - Neutral,3 - Neutral,4 - Agree,4 - Agree,3 - Neutral,I don't know,,Low risk
Yes,6 months to 1 year,4–7 hours,X (Twitter),3 - Neutral,1 - Strongly Disagree,3 - Neutral,1 - Strongly Disagree,1 - Strongly Disagree,1 - Strongly Disagree,1 - Strongly Disagree,3 - Neutral,1 - Strongly Disagree,4 - Agree,5 - Strongly Agree,3 - Neutral,5 - Strongly Agree,More than today,I don't know,I don't know
Yes,Less than 6 months,1–3 hours,"YouTube, Financial News Websites (Bloomberg, Reuters, Business Recorder)",1 - Strongly Disagree,1 - Strongly Disagree,1 - Strongly Disagree,1 - Strongly Disagree,1 - Strongly Disagree,2 - Disagree,1 - Strongly Disagree,1 - Strongly Disagree,1 - Strongly Disagree,1 - Strongly Disagree,1 - Strongly Disagree,2 - Disagree,1 - Strongly Disagree,Less than today,,High risk
Yes,6 months to 1 year,1–3 hours,"X (Twitter), Instagram / TikTok",3 - Neutral,4 - Agree,3 - Neutral,2 - Disagree,3 - Neutral,4 - Agree,4 - Agree,4 - Agree,4 - Agree,2 - Disagree,4 - Agree,3 - Neutral,4 - Agree,Less than today,TRUE,High risk
Yes,,1–3 hours,"Reddit (e.g., r/wallstreetbets)",2 - Disagree,1 - Strongly Disagree,3 - Neutral,1 - Strongly Disagree,4 - Agree,3 - Neutral,1 - Strongly Disagree,2 - Disagree,2 - Disagree,2 - Disagree,2 - Disagree,1 - Strongly Disagree,2 - Disagree,Exactly the same,FALSE,No risk
Yes,1 to 3 years,4–7 hours,"X (Twitter), Reddit (e.g., r/wallstreetbets), Financial News Websites (Bloomberg, Reuters, Business Recorder)",3 - Neutral,2 - Disagree,4 - Agree,2 - Disagree,4 - Agree,4 - Agree,1 - Strongly Disagree,2 - Disagree,3 - Neutral,1 - Strongly Disagree,3 - Neutral,4 - Agree,4 - Agree,Less than today,FALSE,High risk
Yes,3 to 5 years,4–7 hours,"Reddit (e.g., r/wallstreetbets)",2 - Disagree,3 - Neutral,5 - Strongly Agree,3 - Neutral,2 - Disagree,5 - Strongly Agree,1 - Strongly Disagree,3 - Neutral,3 - Neutral,3 - Neutral,3 - Neutral,3 - Neutral,3 - Neutral,I don't know,TRUE,Low risk
Yes,Less than 6 months,1–3 hours,"X (Twitter), Reddit (e.g., r/wallstreetbets), Financial News Websites (Bloomberg, Reuters, Business Recorder)",3 - Neutral,2 - Disagree,3 - Neutral,4 - Agree,5 - Strongly Agree,4 - Agree,4 - Agree,5 - Strongly Agree,3 - Neutral,2 - Disagree,2 - Disagree,2 - Disagree,3 - Neutral,Less than today,I don't know,Low risk
No,Less than 6 months,,,,,,,,,,,,,,,,,,
No,Less than 6 months,,,,,,,,,,,,,,,,,,
Yes,1 to 3 years,1–3 hours,"X (Twitter), Reddit (e.g., r/wallstreetbets), Financial News Websites (Bloomberg, Reuters, Business Recorder)",3 - Neutral,4 - Agree,3 - Neutral,4 - Agree,4 - Agree,5 - Strongly Agree,2 - Disagree,3 - Neutral,4 - Agree,4 - Agree,5 - Strongly Agree,3 - Neutral,4 - Agree,Less than today,FALSE,High risk
No,Less than 6 months,,,,,,,,,,,,,,,,,,
No,Less than 6 months,,,,,,,,,,,,,,,,,,
No,1 to 3 years,,,,,,,,,,,,,,,,,,
Yes,6 months to 1 year,1–3 hours,"X (Twitter), Instagram / TikTok, Financial News Websites (Bloomberg, Reuters, Business Recorder)",3 - Neutral,1 - Strongly Disagree,2 - Disagree,2 - Disagree,2 - Disagree,2 - Disagree,4 - Agree,4 - Agree,5 - Strongly Agree,2 - Disagree,2 - Disagree,5 - Strongly Agree,4 - Agree,Less than today,TRUE,High risk
Yes,3 to 5 years,8–14 hours,"X (Twitter), Financial News Websites (Bloomberg, Reuters, Business Recorder)",1 - Strongly Disagree,1 - Strongly Disagree,1 - Strongly Disagree,1 - Strongly Disagree,1 - Strongly Disagree,1 - Strongly Disagree,1 - Strongly Disagree,1 - Strongly Disagree,1 - Strongly Disagree,1 - Strongly Disagree,1 - Strongly Disagree,1 - Strongly Disagree,1 - Strongly Disagree,Less than today,FALSE,High risk
Yes,,Less than 1 hour,"X (Twitter), Financial News Websites (Bloomberg, Reuters, Business Recorder)",4 - Agree,5 - Strongly Agree,2 - Disagree,3 - Neutral,5 - Strongly Agree,1 - Strongly Disagree,5 - Strongly Agree,5 - Strongly Agree,5 - Strongly Agree,4 - Agree,5 - Strongly Agree,2 - Disagree,5 - Strongly Agree,I don't know,I don't know,I don't know
Yes,Less than 6 months,Less than 1 hour,YouTube,3 - Neutral,3 - Neutral,2 - Disagree,4 - Agree,4 - Agree,2 - Disagree,3 - Neutral,4 - Agree,3 - Neutral,4 - Agree,4 - Agree,2 - Disagree,2 - Disagree,Less than today,,
Yes,1 to 3 years,1–3 hours,"Financial News Websites (Bloomberg, Reuters, Business Recorder)",2 - Disagree,1 - Strongly Disagree,4 - Agree,1 - Strongly Disagree,3 - Neutral,4 - Agree,4 - Agree,1 - Strongly Disagree,2 - Disagree,2 - Disagree,3 - Neutral,2 - Disagree,2 - Disagree,More than today,FALSE,High risk
Yes,1 to 3 years,1–3 hours,"Reddit (e.g., r/wallstreetbets), Instagram / TikTok, Financial News Websites (Bloomberg, Reuters, Business Recorder)",3 - Neutral,3 - Neutral,4 - Agree,4 - Agree,4 - Agree,3 - Neutral,4 - Agree,3 - Neutral,3 - Neutral,4 - Agree,4 - Agree,3 - Neutral,4 - Agree,Exactly the same,TRUE,High risk
No,Less than 6 months,,,,,,,,,,,,,,,,,,
No,Less than 6 months,,,,,,,,,,,,,,,,,,
Yes,6 months to 1 year,4–7 hours,"X (Twitter), YouTube, Financial News Websites (Bloomberg, Reuters, Business Recorder)",5 - Strongly Agree,3 - Neutral,4 - Agree,3 - Neutral,5 - Strongly Agree,4 - Agree,3 - Neutral,3 - Neutral,5 - Strongly Agree,3 - Neutral,1 - Strongly Disagree,1 - Strongly Disagree,4 - Agree,Less than today,FALSE,High risk
Yes,6 months to 1 year,Less than 1 hour,"X (Twitter), YouTube, Financial News Websites (Bloomberg, Reuters, Business Recorder)",2 - Disagree,2 - Disagree,3 - Neutral,2 - Disagree,4 - Agree,3 - Neutral,2 - Disagree,1 - Strongly Disagree,2 - Disagree,1 - Strongly Disagree,2 - Disagree,2 - Disagree,4 - Agree,Less than today,FALSE,High risk
No,1 to 3 years,,,,,,,,,,,,,,,,,,
No,Less than 6 months,,,,,,,,,,,,,,,,,,
Yes,More than 5 years,1–3 hours,"YouTube, Instagram / TikTok, Financial News Websites (Bloomberg, Reuters, Business Recorder)",4 - Agree,4 - Agree,1 - Strongly Disagree,3 - Neutral,5 - Strongly Agree,1 - Strongly Disagree,3 - Neutral,4 - Agree,1 - Strongly Disagree,3 - Neutral,3 - Neutral,1 - Strongly Disagree,1 - Strongly Disagree,Less than today,FALSE,High risk
No,Less than 6 months,,,,,,,,,,,,,,,,,,
Yes,3 to 5 years,15+ hours,"Financial News Websites (Bloomberg, Reuters, Business Recorder)",3 - Neutral,1 - Strongly Disagree,3 - Neutral,3 - Neutral,5 - Strongly Agree,5 - Strongly Agree,5 - Strongly Agree,1 - Strongly Disagree,3 - Neutral,2 - Disagree,1 - Strongly Disagree,1 - Strongly Disagree,3 - Neutral,I don't know,FALSE,Low risk
Yes,1 to 3 years,15+ hours,"Financial News Websites (Bloomberg, Reuters, Business Recorder)",5 - Strongly Agree,5 - Strongly Agree,5 - Strongly Agree,5 - Strongly Agree,5 - Strongly Agree,5 - Strongly Agree,5 - Strongly Agree,5 - Strongly Agree,5 - Strongly Agree,3 - Neutral,3 - Neutral,3 - Neutral,3 - Neutral,I don't know,I don't know,No risk
Yes,1 to 3 years,15+ hours,"X (Twitter), YouTube, Financial News Websites (Bloomberg, Reuters)",3 - Neutral,5 - Strongly Agree,4 - Agree,1 - Strongly Disagree,5 - Strongly Agree,4 - Agree,5 - Strongly Agree,4 - Agree,5 - Strongly Agree,2 - Disagree,3 - Neutral,4 - Agree,2 - Disagree,Less than today,FALSE,High risk
Yes,,1–3 hours,"X (Twitter), YouTube, Instagram / TikTok",2 - Disagree,1 - Strongly Disagree,4 - Agree,2 - Disagree,4 - Agree,1 - Strongly Disagree,2 - Disagree,2 - Disagree,4 - Agree,2 - Disagree,3 - Neutral,1 - Strongly Disagree,1 - Strongly Disagree,Less than today,,
Yes,3 to 5 years,1–3 hours,"X (Twitter), Instagram / TikTok",3 - Neutral,3 - Neutral,2 - Disagree,2 - Disagree,3 - Neutral,3 - Neutral,1 - Strongly Disagree,3 - Neutral,3 - Neutral,1 - Strongly Disagree,3 - Neutral,1 - Strongly Disagree,1 - Strongly Disagree,Less than today,FALSE,High risk
Yes,,,"Instagram / TikTok, Financial News Websites (Bloomberg, Reuters)",3 - Neutral,2 - Disagree,3 - Neutral,4 - Agree,4 - Agree,3 - Neutral,2 - Disagree,3 - Neutral,3 - Neutral,4 - Agree,1 - Strongly Disagree,2 - Disagree,3 - Neutral,Less than today,,High risk
Yes,,,"Instagram / TikTok, Financial News Websites (Bloomberg, Reuters)",3 - Neutral,3 - Neutral,2 - Disagree,3 - Neutral,3 - Neutral,3 - Neutral,3 - Neutral,3 - Neutral,3 - Neutral,3 - Neutral,3 - Neutral,3 - Neutral,3 - Neutral,Less than today,FALSE,
Yes,,Less than 1 hour,YouTube,3 - Neutral,3 - Neutral,4 - Agree,4 - Agree,4 - Agree,4 - Agree,3 - Neutral,4 - Agree,4 - Agree,2 - Disagree,3 - Neutral,3 - Neutral,3 - Neutral,More than today,TRUE,High risk
Yes,1 to 3 years,1–3 hours,"X (Twitter), YouTube, Instagram / TikTok",2 - Disagree,4 - Agree,4 - Agree,3 - Neutral,4 - Agree,4 - Agree,3 - Neutral,4 - Agree,4 - Agree,1 - Strongly Disagree,1 - Strongly Disagree,1 - Strongly Disagree,5 - Strongly Agree,Less than today,TRUE,Low risk
Yes,1 to 3 years,Less than 1 hour,X (Twitter),1 - Strongly Disagree,2 - Disagree,1 - Strongly Disagree,3 - Neutral,3 - Neutral,2 - Disagree,4 - Agree,2 - Disagree,3 - Neutral,2 - Disagree,1 - Strongly Disagree,3 - Neutral,3 - Neutral,Exactly the same,TRUE,No risk
Yes,,4–7 hours,"X (Twitter), Reddit (e.g., r/wallstreetbets), Financial News Websites (Bloomberg, Reuters, Business Recorder)",3 - Neutral,4 - Agree,5 - Strongly Agree,5 - Strongly Agree,3 - Neutral,5 - Strongly Agree,4 - Agree,3 - Neutral,3 - Neutral,3 - Neutral,4 - Agree,4 - Agree,3 - Neutral,I don't know,,Low risk
Yes,,1–3 hours,"Reddit (e.g., r/wallstreetbets)",2 - Disagree,1 - Strongly Disagree,3 - Neutral,1 - Strongly Disagree,4 - Agree,3 - Neutral,1 - Strongly Disagree,2 - Disagree,2 - Disagree,2 - Disagree,2 - Disagree,1 - Strongly Disagree,2 - Disagree,Exactly the same,FALSE,No risk
Yes,1 to 3 years,4–7 hours,"X (Twitter), Reddit (e.g., r/wallstreetbets), Financial News Websites (Bloomberg, Reuters, Business Recorder)",3 - Neutral,2 - Disagree,4 - Agree,2 - Disagree,4 - Agree,4 - Agree,1 - Strongly Disagree,2 - Disagree,3 - Neutral,1 - Strongly Disagree,3 - Neutral,4 - Agree,4 - Agree,Less than today,FALSE,High risk
Yes,3 to 5 years,4–7 hours,"Reddit (e.g., r/wallstreetbets)",2 - Disagree,3 - Neutral,5 - Strongly Agree,3 - Neutral,2 - Disagree,5 - Strongly Agree,1 - Strongly Disagree,3 - Neutral,3 - Neutral,3 - Neutral,3 - Neutral,3 - Neutral,3 - Neutral,I don't know,TRUE,Low risk
Yes,1 to 3 years,1–3 hours,"X (Twitter), Reddit (e.g., r/wallstreetbets), Financial News Websites (Bloomberg, Reuters, Business Recorder)",3 - Neutral,4 - Agree,3 - Neutral,4 - Agree,4 - Agree,5 - Strongly Agree,2 - Disagree,3 - Neutral,4 - Agree,4 - Agree,5 - Strongly Agree,3 - Neutral,4 - Agree,Less than today,FALSE,High risk
No,1 to 3 years,,,,,,,,,,,,,,,,,,
Yes,3 to 5 years,8–14 hours,"X (Twitter), Financial News Websites (Bloomberg, Reuters, Business Recorder)",1 - Strongly Disagree,1 - Strongly Disagree,1 - Strongly Disagree,1 - Strongly Disagree,1 - Strongly Disagree,1 - Strongly Disagree,1 - Strongly Disagree,1 - Strongly Disagree,1 - Strongly Disagree,1 - Strongly Disagree,1 - Strongly Disagree,1 - Strongly Disagree,1 - Strongly Disagree,Less than today,FALSE,High risk
Yes,,Less than 1 hour,"X (Twitter), Financial News Websites (Bloomberg, Reuters, Business Recorder)",4 - Agree,5 - Strongly Agree,2 - Disagree,3 - Neutral,5 - Strongly Agree,1 - Strongly Disagree,5 - Strongly Agree,5 - Strongly Agree,5 - Strongly Agree,4 - Agree,5 - Strongly Agree,2 - Disagree,5 - Strongly Agree,I don't know,I don't know,I don't know
Yes,1 to 3 years,1–3 hours,"Financial News Websites (Bloomberg, Reuters, Business Recorder)",2 - Disagree,1 - Strongly Disagree,4 - Agree,1 - Strongly Disagree,3 - Neutral,4 - Agree,4 - Agree,1 - Strongly Disagree,2 - Disagree,2 - Disagree,3 - Neutral,2 - Disagree,2 - Disagree,More than today,FALSE,High risk
Yes,1 to 3 years,1–3 hours,"Reddit (e.g., r/wallstreetbets), Instagram / TikTok, Financial News Websites (Bloomberg, Reuters, Business Recorder)",3 - Neutral,3 - Neutral,4 - Agree,4 - Agree,4 - Agree,3 - Neutral,4 - Agree,3 - Neutral,3 - Neutral,4 - Agree,4 - Agree,3 - Neutral,4 - Agree,Exactly the same,TRUE,High risk
No,1 to 3 years,,,,,,,,,,,,,,,,,,
Yes,More than 5 years,1–3 hours,"YouTube, Instagram / TikTok, Financial News Websites (Bloomberg, Reuters, Business Recorder)",4 - Agree,4 - Agree,1 - Strongly Disagree,3 - Neutral,5 - Strongly Agree,1 - Strongly Disagree,3 - Neutral,4 - Agree,1 - Strongly Disagree,3 - Neutral,3 - Neutral,1 - Strongly Disagree,1 - Strongly Disagree,Less than today,FALSE,High risk
Yes,3 to 5 years,15+ hours,"Financial News Websites (Bloomberg, Reuters, Business Recorder)",3 - Neutral,1 - Strongly Disagree,3 - Neutral,3 - Neutral,5 - Strongly Agree,5 - Strongly Agree,5 - Strongly Agree,1 - Strongly Disagree,3 - Neutral,2 - Disagree,1 - Strongly Disagree,1 - Strongly Disagree,3 - Neutral,I don't know,FALSE,Low risk
Yes,1 to 3 years,15+ hours,"Financial News Websites (Bloomberg, Reuters, Business Recorder)",5 - Strongly Agree,5 - Strongly Agree,5 - Strongly Agree,5 - Strongly Agree,5 - Strongly Agree,5 - Strongly Agree,5 - Strongly Agree,5 - Strongly Agree,5 - Strongly Agree,3 - Neutral,3 - Neutral,3 - Neutral,3 - Neutral,I don't know,I don't know,No risk
Yes,1 to 3 years,15+ hours,"X (Twitter), YouTube, Financial News Websites (Bloomberg, Reuters)",3 - Neutral,5 - Strongly Agree,4 - Agree,1 - Strongly Disagree,5 - Strongly Agree,4 - Agree,5 - Strongly Agree,4 - Agree,5 - Strongly Agree,2 - Disagree,3 - Neutral,4 - Agree,2 - Disagree,Less than today,FALSE,High risk
Yes,,1–3 hours,"X (Twitter), YouTube, Instagram / TikTok",2 - Disagree,1 - Strongly Disagree,4 - Agree,2 - Disagree,4 - Agree,1 - Strongly Disagree,2 - Disagree,2 - Disagree,4 - Agree,2 - Disagree,3 - Neutral,1 - Strongly Disagree,1 - Strongly Disagree,Less than today,,
Yes,,,"Instagram / TikTok, Financial News Websites (Bloomberg, Reuters)",3 - Neutral,2 - Disagree,3 - Neutral,4 - Agree,4 - Agree,3 - Neutral,2 - Disagree,3 - Neutral,3 - Neutral,4 - Agree,1 - Strongly Disagree,2 - Disagree,3 - Neutral,Less than today,,High risk
Yes,,,"Instagram / TikTok, Financial News Websites (Bloomberg, Reuters)",3 - Neutral,3 - Neutral,2 - Disagree,3 - Neutral,3 - Neutral,3 - Neutral,3 - Neutral,3 - Neutral,3 - Neutral,3 - Neutral,3 - Neutral,3 - Neutral,3 - Neutral,Less than today,FALSE,
Yes,,Less than 1 hour,YouTube,3 - Neutral,3 - Neutral,4 - Agree,4 - Agree,4 - Agree,4 - Agree,3 - Neutral,4 - Agree,4 - Agree,2 - Disagree,3 - Neutral,3 - Neutral,3 - Neutral,More than today,TRUE,High risk
Yes,1 to 3 years,1–3 hours,"X (Twitter), YouTube, Instagram / TikTok",2 - Disagree,4 - Agree,4 - Agree,3 - Neutral,4 - Agree,4 - Agree,3 - Neutral,4 - Agree,4 - Agree,1 - Strongly Disagree,1 - Strongly Disagree,1 - Strongly Disagree,5 - Strongly Agree,Less than today,TRUE,Low risk
Yes,,4–7 hours,"X (Twitter), Reddit (e.g., r/wallstreetbets), Financial News Websites (Bloomberg, Reuters, Business Recorder)",3 - Neutral,4 - Agree,5 - Strongly Agree,5 - Strongly Agree,3 - Neutral,5 - Strongly Agree,4 - Agree,3 - Neutral,3 - Neutral,3 - Neutral,4 - Agree,4 - Agree,3 - Neutral,I don't know,,Low risk
Yes,1 to 3 years,4–7 hours,"X (Twitter), Reddit (e.g., r/wallstreetbets), Financial News Websites (Bloomberg, Reuters, Business Recorder)",3 - Neutral,2 - Disagree,4 - Agree,2 - Disagree,4 - Agree,4 - Agree,1 - Strongly Disagree,2 - Disagree,3 - Neutral,1 - Strongly Disagree,3 - Neutral,4 - Agree,4 - Agree,Less than today,FALSE,High risk
Yes,1 to 3 years,1–3 hours,"X (Twitter), Reddit (e.g., r/wallstreetbets), Financial News Websites (Bloomberg, Reuters, Business Recorder)",3 - Neutral,4 - Agree,3 - Neutral,4 - Agree,4 - Agree,5 - Strongly Agree,2 - Disagree,3 - Neutral,4 - Agree,4 - Agree,5 - Strongly Agree,3 - Neutral,4 - Agree,Less than today,FALSE,High risk
No,1 to 3 years,,,,,,,,,,,,,,,,,,
Yes,1 to 3 years,1–3 hours,"Reddit (e.g., r/wallstreetbets), Instagram / TikTok, Financial News Websites (Bloomberg, Reuters, Business Recorder)",3 - Neutral,3 - Neutral,4 - Agree,4 - Agree,4 - Agree,3 - Neutral,4 - Agree,3 - Neutral,3 - Neutral,4 - Agree,4 - Agree,3 - Neutral,4 - Agree,Exactly the same,TRUE,High risk
No,1 to 3 years,,,,,,,,,,,,,,,,,,
Yes,More than 5 years,1–3 hours,"YouTube, Instagram / TikTok, Financial News Websites (Bloomberg, Reuters, Business Recorder)",4 - Agree,4 - Agree,1 - Strongly Disagree,3 - Neutral,5 - Strongly Agree,1 - Strongly Disagree,3 - Neutral,4 - Agree,1 - Strongly Disagree,3 - Neutral,3 - Neutral,1 - Strongly Disagree,1 - Strongly Disagree,Less than today,FALSE,High risk
No,1 to 3 years,,,,,,,,,,,,,,,,,,
Yes,,Less than 1 hour,"X (Twitter), Financial News Websites (Bloomberg, Reuters, Business Recorder)",4 - Agree,5 - Strongly Agree,2 - Disagree,3 - Neutral,5 - Strongly Agree,1 - Strongly Disagree,5 - Strongly Agree,5 - Strongly Agree,5 - Strongly Agree,4 - Agree,5 - Strongly Agree,2 - Disagree,5 - Strongly Agree,I don't know,I don't know,I don't know
No,1 to 3 years,,,,,,,,,,,,,,,,,,
Yes,More than 5 years,1–3 hours,"YouTube, Instagram / TikTok, Financial News Websites (Bloomberg, Reuters, Business Recorder)",4 - Agree,4 - Agree,1 - Strongly Disagree,3 - Neutral,5 - Strongly Agree,1 - Strongly Disagree,3 - Neutral,4 - Agree,1 - Strongly Disagree,3 - Neutral,3 - Neutral,1 - Strongly Disagree,1 - Strongly Disagree,Less than today,FALSE,High risk
Yes,1 to 3 years,15+ hours,"Financial News Websites (Bloomberg, Reuters, Business Recorder)",5 - Strongly Agree,5 - Strongly Agree,5 - Strongly Agree,5 - Strongly Agree,5 - Strongly Agree,5 - Strongly Agree,5 - Strongly Agree,5 - Strongly Agree,5 - Strongly Agree,3 - Neutral,3 - Neutral,3 - Neutral,3 - Neutral,I don't know,I don't know,No risk
Yes,,,"Instagram / TikTok, Financial News Websites (Bloomberg, Reuters)",3 - Neutral,2 - Disagree,3 - Neutral,4 - Agree,4 - Agree,3 - Neutral,2 - Disagree,3 - Neutral,3 - Neutral,4 - Agree,1 - Strongly Disagree,2 - Disagree,3 - Neutral,Less than today,,High risk
Yes,,Less than 1 hour,YouTube,3 - Neutral,3 - Neutral,4 - Agree,4 - Agree,4 - Agree,4 - Agree,3 - Neutral,4 - Agree,4 - Agree,2 - Disagree,3 - Neutral,3 - Neutral,3 - Neutral,More than today,TRUE,High risk
Yes,,4–7 hours,"X (Twitter), Reddit (e.g., r/wallstreetbets), Financial News Websites (Bloomberg, Reuters, Business Recorder)",3 - Neutral,4 - Agree,5 - Strongly Agree,5 - Strongly Agree,3 - Neutral,5 - Strongly Agree,4 - Agree,3 - Neutral,3 - Neutral,3 - Neutral,4 - Agree,4 - Agree,3 - Neutral,I don't know,,Low risk
Yes,1 to 3 years,1–3 hours,"X (Twitter), Reddit (e.g., r/wallstreetbets), Financial News Websites (Bloomberg, Reuters, Business Recorder)",3 - Neutral,4 - Agree,3 - Neutral,4 - Agree,4 - Agree,5 - Strongly Agree,2 - Disagree,3 - Neutral,4 - Agree,4 - Agree,5 - Strongly Agree,3 - Neutral,4 - Agree,Less than today,FALSE,High risk
No,1 to 3 years,,,,,,,,,,,,,,,,,,
Yes,1 to 3 years,1–3 hours,"Reddit (e.g., r/wallstreetbets), Instagram / TikTok, Financial News Websites (Bloomberg, Reuters, Business Recorder)",3 - Neutral,3 - Neutral,4 - Agree,4 - Agree,4 - Agree,3 - Neutral,4 - Agree,3 - Neutral,3 - Neutral,4 - Agree,4 - Agree,3 - Neutral,4 - Agree,Exactly the same,TRUE,High risk
No,1 to 3 years,,,,,,,,,,,,,,,,,,
Yes,1 to 3 years,15+ hours,"Financial News Websites (Bloomberg, Reuters, Business Recorder)",5 - Strongly Agree,5 - Strongly Agree,5 - Strongly Agree,5 - Strongly Agree,5 - Strongly Agree,5 - Strongly Agree,5 - Strongly Agree,5 - Strongly Agree,5 - Strongly Agree,3 - Neutral,3 - Neutral,3 - Neutral,3 - Neutral,I don't know,I don't know,No risk
Yes,1 to 3 years,15+ hours,"X (Twitter), YouTube, Financial News Websites (Bloomberg, Reuters)",3 - Neutral,5 - Strongly Agree,4 - Agree,1 - Strongly Disagree,5 - Strongly Agree,4 - Agree,5 - Strongly Agree,4 - Agree,5 - Strongly Agree,2 - Disagree,3 - Neutral,4 - Agree,2 - Disagree,Less than today,FALSE,High risk
Yes,1 to 3 years,1–3 hours,"X (Twitter), YouTube, Instagram / TikTok",2 - Disagree,4 - Agree,4 - Agree,3 - Neutral,4 - Agree,4 - Agree,3 - Neutral,4 - Agree,4 - Agree,1 - Strongly Disagree,1 - Strongly Disagree,1 - Strongly Disagree,5 - Strongly Agree,Less than today,TRUE,Low risk
Yes,,4–7 hours,"X (Twitter), Reddit (e.g., r/wallstreetbets), Financial News Websites (Bloomberg, Reuters, Business Recorder)",3 - Neutral,4 - Agree,5 - Strongly Agree,5 - Strongly Agree,3 - Neutral,5 - Strongly Agree,4 - Agree,3 - Neutral,3 - Neutral,3 - Neutral,4 - Agree,4 - Agree,3 - Neutral,I don't know,,Low risk
Yes,1 to 3 years,1–3 hours,"X (Twitter), Reddit (e.g., r/wallstreetbets), Financial News Websites (Bloomberg, Reuters, Business Recorder)",3 - Neutral,4 - Agree,3 - Neutral,4 - Agree,4 - Agree,5 - Strongly Agree,2 - Disagree,3 - Neutral,4 - Agree,4 - Agree,5 - Strongly Agree,3 - Neutral,4 - Agree,Less than today,FALSE,High risk
No,1 to 3 years,,,,,,,,,,,,,,,,,,
Yes,,Less than 1 hour,"X (Twitter), Financial News Websites (Bloomberg, Reuters, Business Recorder)",4 - Agree,5 - Strongly Agree,2 - Disagree,3 - Neutral,5 - Strongly Agree,1 - Strongly Disagree,5 - Strongly Agree,5 - Strongly Agree,5 - Strongly Agree,4 - Agree,5 - Strongly Agree,2 - Disagree,5 - Strongly Agree,I don't know,I don't know,I don't know
No,1 to 3 years,,,,,,,,,,,,,,,,,,
Yes,More than 5 years,1–3 hours,"YouTube, Instagram / TikTok, Financial News Websites (Bloomberg, Reuters, Business Recorder)",4 - Agree,4 - Agree,1 - Strongly Disagree,3 - Neutral,5 - Strongly Agree,1 - Strongly Disagree,3 - Neutral,4 - Agree,1 - Strongly Disagree,3 - Neutral,3 - Neutral,1 - Strongly Disagree,1 - Strongly Disagree,Less than today,FALSE,High risk
Yes,1 to 3 years,15+ hours,"Financial News Websites (Bloomberg, Reuters, Business Recorder)",5 - Strongly Agree,5 - Strongly Agree,5 - Strongly Agree,5 - Strongly Agree,5 - Strongly Agree,5 - Strongly Agree,5 - Strongly Agree,5 - Strongly Agree,5 - Strongly Agree,3 - Neutral,3 - Neutral,3 - Neutral,3 - Neutral,I don't know,I don't know,No risk
Yes,1 to 3 years,15+ hours,"X (Twitter), YouTube, Financial News Websites (Bloomberg, Reuters)",3 - Neutral,5 - Strongly Agree,4 - Agree,1 - Strongly Disagree,5 - Strongly Agree,4 - Agree,5 - Strongly Agree,4 - Agree,5 - Strongly Agree,2 - Disagree,3 - Neutral,4 - Agree,2 - Disagree,Less than today,FALSE,High risk
Yes,,Less than 1 hour,YouTube,3 - Neutral,3 - Neutral,4 - Agree,4 - Agree,4 - Agree,4 - Agree,3 - Neutral,4 - Agree,4 - Agree,2 - Disagree,3 - Neutral,3 - Neutral,3 - Neutral,More than today,TRUE,High risk
Yes,1 to 3 years,1–3 hours,"X (Twitter), YouTube, Instagram / TikTok",2 - Disagree,4 - Agree,4 - Agree,3 - Neutral,4 - Agree,4 - Agree,3 - Neutral,4 - Agree,4 - Agree,1 - Strongly Disagree,1 - Strongly Disagree,1 - Strongly Disagree,5 - Strongly Agree,Less than today,TRUE,Low risk
No,1 to 3 years,,,,,,,,,,,,,,,,,,
Yes,,Less than 1 hour,"X (Twitter), Financial News Websites (Bloomberg, Reuters, Business Recorder)",4 - Agree,5 - Strongly Agree,2 - Disagree,3 - Neutral,5 - Strongly Agree,1 - Strongly Disagree,5 - Strongly Agree,5 - Strongly Agree,5 - Strongly Agree,4 - Agree,5 - Strongly Agree,2 - Disagree,5 - Strongly Agree,I don't know,I don't know,I don't know
No,1 to 3 years,,,,,,,,,,,,,,,,,,
Yes,More than 5 years,1–3 hours,"YouTube, Instagram / TikTok, Financial News Websites (Bloomberg, Reuters, Business Recorder)",4 - Agree,4 - Agree,1 - Strongly Disagree,3 - Neutral,5 - Strongly Agree,1 - Strongly Disagree,3 - Neutral,4 - Agree,1 - Strongly Disagree,3 - Neutral,3 - Neutral,1 - Strongly Disagree,1 - Strongly Disagree,Less than today,FALSE,High risk
Yes,1 to 3 years,15+ hours,"Financial News Websites (Bloomberg, Reuters, Business Recorder)",5 - Strongly Agree,5 - Strongly Agree,5 - Strongly Agree,5 - Strongly Agree,5 - Strongly Agree,5 - Strongly Agree,5 - Strongly Agree,5 - Strongly Agree,5 - Strongly Agree,3 - Neutral,3 - Neutral,3 - Neutral,3 - Neutral,I don't know,I don't know,No risk
Yes,1 to 3 years,15+ hours,"X (Twitter), YouTube, Financial News Websites (Bloomberg, Reuters)",3 - Neutral,5 - Strongly Agree,4 - Agree,1 - Strongly Disagree,5 - Strongly Agree,4 - Agree,5 - Strongly Agree,4 - Agree,5 - Strongly Agree,2 - Disagree,3 - Neutral,4 - Agree,2 - Disagree,Less than today,FALSE,High risk
Yes,,1–3 hours,"X (Twitter), YouTube, Instagram / TikTok",2 - Disagree,1 - Strongly Disagree,4 - Agree,2 - Disagree,4 - Agree,1 - Strongly Disagree,2 - Disagree,2 - Disagree,4 - Agree,2 - Disagree,3 - Neutral,1 - Strongly Disagree,1 - Strongly Disagree,Less than today,,
Yes,3 to 5 years,1–3 hours,"X (Twitter), Instagram / TikTok",3 - Neutral,3 - Neutral,2 - Disagree,2 - Disagree,3 - Neutral,3 - Neutral,1 - Strongly Disagree,3 - Neutral,3 - Neutral,1 - Strongly Disagree,3 - Neutral,1 - Strongly Disagree,1 - Strongly Disagree,Less than today,FALSE,High risk
Yes,,,"Instagram / TikTok, Financial News Websites (Bloomberg, Reuters)",3 - Neutral,2 - Disagree,3 - Neutral,4 - Agree,4 - Agree,3 - Neutral,2 - Disagree,3 - Neutral,3 - Neutral,4 - Agree,1 - Strongly Disagree,2 - Disagree,3 - Neutral,Less than today,,High risk
Yes,,,"Instagram / TikTok, Financial News Websites (Bloomberg, Reuters)",3 - Neutral,3 - Neutral,2 - Disagree,3 - Neutral,3 - Neutral,3 - Neutral,3 - Neutral,3 - Neutral,3 - Neutral,3 - Neutral,3 - Neutral,3 - Neutral,3 - Neutral,Less than today,FALSE,
Yes,,Less than 1 hour,YouTube,3 - Neutral,3 - Neutral,4 - Agree,4 - Agree,4 - Agree,4 - Agree,3 - Neutral,4 - Agree,4 - Agree,2 - Disagree,3 - Neutral,3 - Neutral,3 - Neutral,More than today,TRUE,High risk
Yes,1 to 3 years,4–7 hours,"X (Twitter), Reddit (e.g., r/wallstreetbets), Financial News Websites (Bloomberg, Reuters, Business Recorder)",3 - Neutral,2 - Disagree,4 - Agree,2 - Disagree,4 - Agree,4 - Agree,1 - Strongly Disagree,2 - Disagree,3 - Neutral,1 - Strongly Disagree,3 - Neutral,4 - Agree,4 - Agree,Less than today,FALSE,High risk
Yes,1 to 3 years,1–3 hours,"X (Twitter), Reddit (e.g., r/wallstreetbets), Financial News Websites (Bloomberg, Reuters, Business Recorder)",3 - Neutral,4 - Agree,3 - Neutral,4 - Agree,4 - Agree,5 - Strongly Agree,2 - Disagree,3 - Neutral,4 - Agree,4 - Agree,5 - Strongly Agree,3 - Neutral,4 - Agree,Less than today,FALSE,High risk
No,1 to 3 years,,,,,,,,,,,,,,,,,,
Yes,3 to 5 years,8–14 hours,"X (Twitter), Financial News Websites (Bloomberg, Reuters, Business Recorder)",1 - Strongly Disagree,1 - Strongly Disagree,1 - Strongly Disagree,1 - Strongly Disagree,1 - Strongly Disagree,1 - Strongly Disagree,1 - Strongly Disagree,1 - Strongly Disagree,1 - Strongly Disagree,1 - Strongly Disagree,1 - Strongly Disagree,1 - Strongly Disagree,1 - Strongly Disagree,Less than today,FALSE,High risk
Yes,1 to 3 years,1–3 hours,"Financial News Websites (Bloomberg, Reuters, Business Recorder)",2 - Disagree,1 - Strongly Disagree,4 - Agree,1 - Strongly Disagree,3 - Neutral,4 - Agree,4 - Agree,1 - Strongly Disagree,2 - Disagree,2 - Disagree,3 - Neutral,2 - Disagree,2 - Disagree,More than today,FALSE,High risk
Yes,1 to 3 years,1–3 hours,"Reddit (e.g., r/wallstreetbets), Instagram / TikTok, Financial News Websites (Bloomberg, Reuters, Business Recorder)",3 - Neutral,3 - Neutral,4 - Agree,4 - Agree,4 - Agree,3 - Neutral,4 - Agree,3 - Neutral,3 - Neutral,4 - Agree,4 - Agree,3 - Neutral,4 - Agree,Exactly the same,TRUE,High risk
No,1 to 3 years,,,,,,,,,,,,,,,,,,
Yes,More than 5 years,1–3 hours,"YouTube, Instagram / TikTok, Financial News Websites (Bloomberg, Reuters, Business Recorder)",4 - Agree,4 - Agree,1 - Strongly Disagree,3 - Neutral,5 - Strongly Agree,1 - Strongly Disagree,3 - Neutral,4 - Agree,1 - Strongly Disagree,3 - Neutral,3 - Neutral,1 - Strongly Disagree,1 - Strongly Disagree,Less than today,FALSE,High risk
Yes,1 to 3 years,15+ hours,"X (Twitter), YouTube, Financial News Websites (Bloomberg, Reuters)",3 - Neutral,5 - Strongly Agree,4 - Agree,1 - Strongly Disagree,5 - Strongly Agree,4 - Agree,5 - Strongly Agree,4 - Agree,5 - Strongly Agree,2 - Disagree,3 - Neutral,4 - Agree,2 - Disagree,Less than today,FALSE,High risk
Yes,,1–3 hours,"X (Twitter), YouTube, Instagram / TikTok",2 - Disagree,1 - Strongly Disagree,4 - Agree,2 - Disagree,4 - Agree,1 - Strongly Disagree,2 - Disagree,2 - Disagree,4 - Agree,2 - Disagree,3 - Neutral,1 - Strongly Disagree,1 - Strongly Disagree,Less than today,,
Yes,3 to 5 years,1–3 hours,"X (Twitter), Instagram / TikTok",3 - Neutral,3 - Neutral,2 - Disagree,2 - Disagree,3 - Neutral,3 - Neutral,1 - Strongly Disagree,3 - Neutral,3 - Neutral,1 - Strongly Disagree,3 - Neutral,1 - Strongly Disagree,1 - Strongly Disagree,Less than today,FALSE,High risk
Yes,,,"Instagram / TikTok, Financial News Websites (Bloomberg, Reuters)",3 - Neutral,2 - Disagree,3 - Neutral,4 - Agree,4 - Agree,3 - Neutral,2 - Disagree,3 - Neutral,3 - Neutral,4 - Agree,1 - Strongly Disagree,2 - Disagree,3 - Neutral,Less than today,,High risk
Yes,,,"Instagram / TikTok, Financial News Websites (Bloomberg, Reuters)",3 - Neutral,3 - Neutral,2 - Disagree,3 - Neutral,3 - Neutral,3 - Neutral,3 - Neutral,3 - Neutral,3 - Neutral,3 - Neutral,3 - Neutral,3 - Neutral,3 - Neutral,Less than today,FALSE,
Yes,1 to 3 years,4–7 hours,"X (Twitter), Reddit (e.g., r/wallstreetbets), Financial News Websites (Bloomberg, Reuters, Business Recorder)",3 - Neutral,2 - Disagree,4 - Agree,2 - Disagree,4 - Agree,4 - Agree,1 - Strongly Disagree,2 - Disagree,3 - Neutral,1 - Strongly Disagree,3 - Neutral,4 - Agree,4 - Agree,Less than today,FALSE,High risk
Yes,1 to 3 years,1–3 hours,"X (Twitter), Reddit (e.g., r/wallstreetbets), Financial News Websites (Bloomberg, Reuters, Business Recorder)",3 - Neutral,4 - Agree,3 - Neutral,4 - Agree,4 - Agree,5 - Strongly Agree,2 - Disagree,3 - Neutral,4 - Agree,4 - Agree,5 - Strongly Agree,3 - Neutral,4 - Agree,Less than today,FALSE,High risk
No,1 to 3 years,,,,,,,,,,,,,,,,,,
Yes,3 to 5 years,8–14 hours,"X (Twitter), Financial News Websites (Bloomberg, Reuters, Business Recorder)",1 - Strongly Disagree,1 - Strongly Disagree,1 - Strongly Disagree,1 - Strongly Disagree,1 - Strongly Disagree,1 - Strongly Disagree,1 - Strongly Disagree,1 - Strongly Disagree,1 - Strongly Disagree,1 - Strongly Disagree,1 - Strongly Disagree,1 - Strongly Disagree,1 - Strongly Disagree,Less than today,FALSE,High risk
No,1 to 3 years,,,,,,,,,,,,,,,,,,
Yes,More than 5 years,1–3 hours,"YouTube, Instagram / TikTok, Financial News Websites (Bloomberg, Reuters, Business Recorder)",4 - Agree,4 - Agree,1 - Strongly Disagree,3 - Neutral,5 - Strongly Agree,1 - Strongly Disagree,3 - Neutral,4 - Agree,1 - Strongly Disagree,3 - Neutral,3 - Neutral,1 - Strongly Disagree,1 - Strongly Disagree,Less than today,FALSE,High risk
Yes,1 to 3 years,15+ hours,"X (Twitter), YouTube, Financial News Websites (Bloomberg, Reuters)",3 - Neutral,5 - Strongly Agree,4 - Agree,1 - Strongly Disagree,5 - Strongly Agree,4 - Agree,5 - Strongly Agree,4 - Agree,5 - Strongly Agree,2 - Disagree,3 - Neutral,4 - Agree,2 - Disagree,Less than today,FALSE,High risk
Yes,,1–3 hours,"X (Twitter), YouTube, Instagram / TikTok",2 - Disagree,1 - Strongly Disagree,4 - Agree,2 - Disagree,4 - Agree,1 - Strongly Disagree,2 - Disagree,2 - Disagree,4 - Agree,2 - Disagree,3 - Neutral,1 - Strongly Disagree,1 - Strongly Disagree,Less than today,,
Yes,3 to 5 years,1–3 hours,"X (Twitter), Instagram / TikTok",3 - Neutral,3 - Neutral,2 - Disagree,2 - Disagree,3 - Neutral,3 - Neutral,1 - Strongly Disagree,3 - Neutral,3 - Neutral,1 - Strongly Disagree,3 - Neutral,1 - Strongly Disagree,1 - Strongly Disagree,Less than today,FALSE,High risk
Yes,,,"Instagram / TikTok, Financial News Websites (Bloomberg, Reuters)",3 - Neutral,2 - Disagree,3 - Neutral,4 - Agree,4 - Agree,3 - Neutral,2 - Disagree,3 - Neutral,3 - Neutral,4 - Agree,1 - Strongly Disagree,2 - Disagree,3 - Neutral,Less than today,,High risk
Yes,,,"Instagram / TikTok, Financial News Websites (Bloomberg, Reuters)",3 - Neutral,3 - Neutral,2 - Disagree,3 - Neutral,3 - Neutral,3 - Neutral,3 - Neutral,3 - Neutral,3 - Neutral,3 - Neutral,3 - Neutral,3 - Neutral,3 - Neutral,Less than today,FALSE,
Yes,1 to 3 years,4–7 hours,"X (Twitter), Reddit (e.g., r/wallstreetbets), Financial News Websites (Bloomberg, Reuters, Business Recorder)",3 - Neutral,2 - Disagree,4 - Agree,2 - Disagree,4 - Agree,4 - Agree,1 - Strongly Disagree,2 - Disagree,3 - Neutral,1 - Strongly Disagree,3 - Neutral,4 - Agree,4 - Agree,Less than today,FALSE,High risk
Yes,1 to 3 years,1–3 hours,"X (Twitter), Reddit (e.g., r/wallstreetbets), Financial News Websites (Bloomberg, Reuters, Business Recorder)",3 - Neutral,4 - Agree,3 - Neutral,4 - Agree,4 - Agree,5 - Strongly Agree,2 - Disagree,3 - Neutral,4 - Agree,4 - Agree,5 - Strongly Agree,3 - Neutral,4 - Agree,Less than today,FALSE,High risk
No,1 to 3 years,,,,,,,,,,,,,,,,,,
Yes,3 to 5 years,8–14 hours,"X (Twitter), Financial News Websites (Bloomberg, Reuters, Business Recorder)",1 - Strongly Disagree,1 - Strongly Disagree,1 - Strongly Disagree,1 - Strongly Disagree,1 - Strongly Disagree,1 - Strongly Disagree,1 - Strongly Disagree,1 - Strongly Disagree,1 - Strongly Disagree,1 - Strongly Disagree,1 - Strongly Disagree,1 - Strongly Disagree,1 - Strongly Disagree,Less than today,FALSE,High risk
No,1 to 3 years,,,,,,,,,,,,,,,,,,
Yes,More than 5 years,1–3 hours,"YouTube, Instagram / TikTok, Financial News Websites (Bloomberg, Reuters, Business Recorder)",4 - Agree,4 - Agree,1 - Strongly Disagree,3 - Neutral,5 - Strongly Agree,1 - Strongly Disagree,3 - Neutral,4 - Agree,1 - Strongly Disagree,3 - Neutral,3 - Neutral,1 - Strongly Disagree,1 - Strongly Disagree,Less than today,FALSE,High risk
Yes,1 to 3 years,15+ hours,"Financial News Websites (Bloomberg, Reuters, Business Recorder)",5 - Strongly Agree,5 - Strongly Agree,5 - Strongly Agree,5 - Strongly Agree,5 - Strongly Agree,5 - Strongly Agree,5 - Strongly Agree,5 - Strongly Agree,5 - Strongly Agree,3 - Neutral,3 - Neutral,3 - Neutral,3 - Neutral,I don't know,I don't know,No risk
Yes,1 to 3 years,15+ hours,"X (Twitter), YouTube, Financial News Websites (Bloomberg, Reuters)",3 - Neutral,5 - Strongly Agree,4 - Agree,1 - Strongly Disagree,5 - Strongly Agree,4 - Agree,5 - Strongly Agree,4 - Agree,5 - Strongly Agree,2 - Disagree,3 - Neutral,4 - Agree,2 - Disagree,Less than today,FALSE,High risk
Yes,,1–3 hours,"X (Twitter), YouTube, Instagram / TikTok",2 - Disagree,1 - Strongly Disagree,4 - Agree,2 - Disagree,4 - Agree,1 - Strongly Disagree,2 - Disagree,2 - Disagree,4 - Agree,2 - Disagree,3 - Neutral,1 - Strongly Disagree,1 - Strongly Disagree,Less than today,,
Yes,3 to 5 years,1–3 hours,"X (Twitter), Instagram / TikTok",3 - Neutral,3 - Neutral,2 - Disagree,2 - Disagree,3 - Neutral,3 - Neutral,1 - Strongly Disagree,3 - Neutral,3 - Neutral,1 - Strongly Disagree,3 - Neutral,1 - Strongly Disagree,1 - Strongly Disagree,Less than today,FALSE,High risk
Yes,,,"Instagram / TikTok, Financial News Websites (Bloomberg, Reuters)",3 - Neutral,2 - Disagree,3 - Neutral,4 - Agree,4 - Agree,3 - Neutral,2 - Disagree,3 - Neutral,3 - Neutral,4 - Agree,1 - Strongly Disagree,2 - Disagree,3 - Neutral,Less than today,,High risk
Yes,,,"Instagram / TikTok, Financial News Websites (Bloomberg, Reuters)",3 - Neutral,3 - Neutral,2 - Disagree,3 - Neutral,3 - Neutral,3 - Neutral,3 - Neutral,3 - Neutral,3 - Neutral,3 - Neutral,3 - Neutral,3 - Neutral,3 - Neutral,Less than today,FALSE,
Yes,,Less than 1 hour,YouTube,3 - Neutral,3 - Neutral,4 - Agree,4 - Agree,4 - Agree,4 - Agree,3 - Neutral,4 - Agree,4 - Agree,2 - Disagree,3 - Neutral,3 - Neutral,3 - Neutral,More than today,TRUE,High risk
Yes,1 to 3 years,1–3 hours,"X (Twitter), YouTube, Instagram / TikTok",2 - Disagree,4 - Agree,4 - Agree,3 - Neutral,4 - Agree,4 - Agree,3 - Neutral,4 - Agree,4 - Agree,1 - Strongly Disagree,1 - Strongly Disagree,1 - Strongly Disagree,5 - Strongly Agree,Less than today,TRUE,Low risk
Yes,1 to 3 years,Less than 1 hour,X (Twitter),1 - Strongly Disagree,2 - Disagree,1 - Strongly Disagree,3 - Neutral,3 - Neutral,2 - Disagree,4 - Agree,2 - Disagree,3 - Neutral,2 - Disagree,1 - Strongly Disagree,3 - Neutral,3 - Neutral,Exactly the same,TRUE,No risk
Yes,,4–7 hours,"X (Twitter), Reddit (e.g., r/wallstreetbets), Financial News Websites (Bloomberg, Reuters, Business Recorder)",3 - Neutral,4 - Agree,5 - Strongly Agree,5 - Strongly Agree,3 - Neutral,5 - Strongly Agree,4 - Agree,3 - Neutral,3 - Neutral,3 - Neutral,4 - Agree,4 - Agree,3 - Neutral,I don't know,,Low risk
Yes,,1–3 hours,"Reddit (e.g., r/wallstreetbets)",2 - Disagree,1 - Strongly Disagree,3 - Neutral,1 - Strongly Disagree,4 - Agree,3 - Neutral,1 - Strongly Disagree,2 - Disagree,2 - Disagree,2 - Disagree,2 - Disagree,1 - Strongly Disagree,2 - Disagree,Exactly the same,FALSE,No risk
Yes,1 to 3 years,4–7 hours,"X (Twitter), Reddit (e.g., r/wallstreetbets), Financial News Websites (Bloomberg, Reuters, Business Recorder)",3 - Neutral,2 - Disagree,4 - Agree,2 - Disagree,4 - Agree,4 - Agree,1 - Strongly Disagree,2 - Disagree,3 - Neutral,1 - Strongly Disagree,3 - Neutral,4 - Agree,4 - Agree,Less than today,FALSE,High risk
Yes,3 to 5 years,4–7 hours,"Reddit (e.g., r/wallstreetbets)",2 - Disagree,3 - Neutral,5 - Strongly Agree,3 - Neutral,2 - Disagree,5 - Strongly Agree,1 - Strongly Disagree,3 - Neutral,3 - Neutral,3 - Neutral,3 - Neutral,3 - Neutral,3 - Neutral,I don't know,TRUE,Low risk
Yes,1 to 3 years,1–3 hours,"X (Twitter), Reddit (e.g., r/wallstreetbets), Financial News Websites (Bloomberg, Reuters, Business Recorder)",3 - Neutral,4 - Agree,3 - Neutral,4 - Agree,4 - Agree,5 - Strongly Agree,2 - Disagree,3 - Neutral,4 - Agree,4 - Agree,5 - Strongly Agree,3 - Neutral,4 - Agree,Less than today,FALSE,High risk
No,1 to 3 years,,,,,,,,,,,,,,,,,,
Yes,3 to 5 years,8–14 hours,"X (Twitter), Financial News Websites (Bloomberg, Reuters, Business Recorder)",1 - Strongly Disagree,1 - Strongly Disagree,1 - Strongly Disagree,1 - Strongly Disagree,1 - Strongly Disagree,1 - Strongly Disagree,1 - Strongly Disagree,1 - Strongly Disagree,1 - Strongly Disagree,1 - Strongly Disagree,1 - Strongly Disagree,1 - Strongly Disagree,1 - Strongly Disagree,Less than today,FALSE,High risk
Yes,,Less than 1 hour,"X (Twitter), Financial News Websites (Bloomberg, Reuters, Business Recorder)",4 - Agree,5 - Strongly Agree,2 - Disagree,3 - Neutral,5 - Strongly Agree,1 - Strongly Disagree,5 - Strongly Agree,5 - Strongly Agree,5 - Strongly Agree,4 - Agree,5 - Strongly Agree,2 - Disagree,5 - Strongly Agree,I don't know,I don't know,I don't know
Yes,1 to 3 years,1–3 hours,"Financial News Websites (Bloomberg, Reuters, Business Recorder)",2 - Disagree,1 - Strongly Disagree,4 - Agree,1 - Strongly Disagree,3 - Neutral,4 - Agree,4 - Agree,1 - Strongly Disagree,2 - Disagree,2 - Disagree,3 - Neutral,2 - Disagree,2 - Disagree,More than today,FALSE,High risk
Yes,1 to 3 years,1–3 hours,"Reddit (e.g., r/wallstreetbets), Instagram / TikTok, Financial News Websites (Bloomberg, Reuters, Business Recorder)",3 - Neutral,3 - Neutral,4 - Agree,4 - Agree,4 - Agree,3 - Neutral,4 - Agree,3 - Neutral,3 - Neutral,4 - Agree,4 - Agree,3 - Neutral,4 - Agree,Exactly the same,TRUE,High risk
No,1 to 3 years,,,,,,,,,,,,,,,,,,
Yes,More than 5 years,1–3 hours,"YouTube, Instagram / TikTok, Financial News Websites (Bloomberg, Reuters, Business Recorder)",4 - Agree,4 - Agree,1 - Strongly Disagree,3 - Neutral,5 - Strongly Agree,1 - Strongly Disagree,3 - Neutral,4 - Agree,1 - Strongly Disagree,3 - Neutral,3 - Neutral,1 - Strongly Disagree,1 - Strongly Disagree,Less than today,FALSE,High risk
Yes,3 to 5 years,15+ hours,"Financial News Websites (Bloomberg, Reuters, Business Recorder)",3 - Neutral,1 - Strongly Disagree,3 - Neutral,3 - Neutral,5 - Strongly Agree,5 - Strongly Agree,5 - Strongly Agree,1 - Strongly Disagree,3 - Neutral,2 - Disagree,1 - Strongly Disagree,1 - Strongly Disagree,3 - Neutral,I don't know,FALSE,Low risk
Yes,1 to 3 years,15+ hours,"Financial News Websites (Bloomberg, Reuters, Business Recorder)",5 - Strongly Agree,5 - Strongly Agree,5 - Strongly Agree,5 - Strongly Agree,5 - Strongly Agree,5 - Strongly Agree,5 - Strongly Agree,5 - Strongly Agree,5 - Strongly Agree,3 - Neutral,3 - Neutral,3 - Neutral,3 - Neutral,I don't know,I don't know,No risk
Yes,1 to 3 years,15+ hours,"X (Twitter), YouTube, Financial News Websites (Bloomberg, Reuters)",3 - Neutral,5 - Strongly Agree,4 - Agree,1 - Strongly Disagree,5 - Strongly Agree,4 - Agree,5 - Strongly Agree,4 - Agree,5 - Strongly Agree,2 - Disagree,3 - Neutral,4 - Agree,2 - Disagree,Less than today,FALSE,High risk
Yes,,1–3 hours,"X (Twitter), YouTube, Instagram / TikTok",2 - Disagree,1 - Strongly Disagree,4 - Agree,2 - Disagree,4 - Agree,1 - Strongly Disagree,2 - Disagree,2 - Disagree,4 - Agree,2 - Disagree,3 - Neutral,1 - Strongly Disagree,1 - Strongly Disagree,Less than today,,
Yes,,,"Instagram / TikTok, Financial News Websites (Bloomberg, Reuters)",3 - Neutral,2 - Disagree,3 - Neutral,4 - Agree,4 - Agree,3 - Neutral,2 - Disagree,3 - Neutral,3 - Neutral,4 - Agree,1 - Strongly Disagree,2 - Disagree,3 - Neutral,Less than today,,High risk
Yes,,,"Instagram / TikTok, Financial News Websites (Bloomberg, Reuters)",3 - Neutral,3 - Neutral,2 - Disagree,3 - Neutral,3 - Neutral,3 - Neutral,3 - Neutral,3 - Neutral,3 - Neutral,3 - Neutral,3 - Neutral,3 - Neutral,3 - Neutral,Less than today,FALSE,
Yes,,Less than 1 hour,YouTube,3 - Neutral,3 - Neutral,4 - Agree,4 - Agree,4 - Agree,4 - Agree,3 - Neutral,4 - Agree,4 - Agree,2 - Disagree,3 - Neutral,3 - Neutral,3 - Neutral,More than today,TRUE,High risk
Yes,1 to 3 years,1–3 hours,"X (Twitter), YouTube, Instagram / TikTok",2 - Disagree,4 - Agree,4 - Agree,3 - Neutral,4 - Agree,4 - Agree,3 - Neutral,4 - Agree,4 - Agree,1 - Strongly Disagree,1 - Strongly Disagree,1 - Strongly Disagree,5 - Strongly Agree,Less than today,TRUE,Low risk
Yes,,4–7 hours,"X (Twitter), Reddit (e.g., r/wallstreetbets), Financial News Websites (Bloomberg, Reuters, Business Recorder)",3 - Neutral,4 - Agree,5 - Strongly Agree,5 - Strongly Agree,3 - Neutral,5 - Strongly Agree,4 - Agree,3 - Neutral,3 - Neutral,3 - Neutral,4 - Agree,4 - Agree,3 - Neutral,I don't know,,Low risk
Yes,1 to 3 years,4–7 hours,"X (Twitter), Reddit (e.g., r/wallstreetbets), Financial News Websites (Bloomberg, Reuters, Business Recorder)",3 - Neutral,2 - Disagree,4 - Agree,2 - Disagree,4 - Agree,4 - Agree,1 - Strongly Disagree,2 - Disagree,3 - Neutral,1 - Strongly Disagree,3 - Neutral,4 - Agree,4 - Agree,Less than today,FALSE,High risk
Yes,1 to 3 years,1–3 hours,"X (Twitter), Reddit (e.g., r/wallstreetbets), Financial News Websites (Bloomberg, Reuters, Business Recorder)",3 - Neutral,4 - Agree,3 - Neutral,4 - Agree,4 - Agree,5 - Strongly Agree,2 - Disagree,3 - Neutral,4 - Agree,4 - Agree,5 - Strongly Agree,3 - Neutral,4 - Agree,Less than today,FALSE,High risk
No,1 to 3 years,,,,,,,,,,,,,,,,,,
Yes,1 to 3 years,1–3 hours,"Reddit (e.g., r/wallstreetbets), Instagram / TikTok, Financial News Websites (Bloomberg, Reuters, Business Recorder)",3 - Neutral,3 - Neutral,4 - Agree,4 - Agree,4 - Agree,3 - Neutral,4 - Agree,3 - Neutral,3 - Neutral,4 - Agree,4 - Agree,3 - Neutral,4 - Agree,Exactly the same,TRUE,High risk
No,1 to 3 years,,,,,,,,,,,,,,,,,,
Yes,More than 5 years,1–3 hours,"YouTube, Instagram / TikTok, Financial News Websites (Bloomberg, Reuters, Business Recorder)",4 - Agree,4 - Agree,1 - Strongly Disagree,3 - Neutral,5 - Strongly Agree,1 - Strongly Disagree,3 - Neutral,4 - Agree,1 - Strongly Disagree,3 - Neutral,3 - Neutral,1 - Strongly Disagree,1 - Strongly Disagree,Less than today,FALSE,High risk
No,1 to 3 years,,,,,,,,,,,,,,,,,,
Yes,,Less than 1 hour,"X (Twitter), Financial News Websites (Bloomberg, Reuters, Business Recorder)",4 - Agree,5 - Strongly Agree,2 - Disagree,3 - Neutral,5 - Strongly Agree,1 - Strongly Disagree,5 - Strongly Agree,5 - Strongly Agree,5 - Strongly Agree,4 - Agree,5 - Strongly Agree,2 - Disagree,5 - Strongly Agree,I don't know,I don't know,I don't know
No,1 to 3 years,,,,,,,,,,,,,,,,,,
Yes,More than 5 years,1–3 hours,"YouTube, Instagram / TikTok, Financial News Websites (Bloomberg, Reuters, Business Recorder)",4 - Agree,4 - Agree,1 - Strongly Disagree,3 - Neutral,5 - Strongly Agree,1 - Strongly Disagree,3 - Neutral,4 - Agree,1 - Strongly Disagree,3 - Neutral,3 - Neutral,1 - Strongly Disagree,1 - Strongly Disagree,Less than today,FALSE,High risk
Yes,1 to 3 years,15+ hours,"Financial News Websites (Bloomberg, Reuters, Business Recorder)",5 - Strongly Agree,5 - Strongly Agree,5 - Strongly Agree,5 - Strongly Agree,5 - Strongly Agree,5 - Strongly Agree,5 - Strongly Agree,5 - Strongly Agree,5 - Strongly Agree,3 - Neutral,3 - Neutral,3 - Neutral,3 - Neutral,I don't know,I don't know,No risk
Yes,,,"Instagram / TikTok, Financial News Websites (Bloomberg, Reuters)",3 - Neutral,2 - Disagree,3 - Neutral,4 - Agree,4 - Agree,3 - Neutral,2 - Disagree,3 - Neutral,3 - Neutral,4 - Agree,1 - Strongly Disagree,2 - Disagree,3 - Neutral,Less than today,,High risk
Yes,,Less than 1 hour,YouTube,3 - Neutral,3 - Neutral,4 - Agree,4 - Agree,4 - Agree,4 - Agree,3 - Neutral,4 - Agree,4 - Agree,2 - Disagree,3 - Neutral,3 - Neutral,3 - Neutral,More than today,TRUE,High risk
Yes,,4–7 hours,"X (Twitter), Reddit (e.g., r/wallstreetbets), Financial News Websites (Bloomberg, Reuters, Business Recorder)",3 - Neutral,4 - Agree,5 - Strongly Agree,5 - Strongly Agree,3 - Neutral,5 - Strongly Agree,4 - Agree,3 - Neutral,3 - Neutral,3 - Neutral,4 - Agree,4 - Agree,3 - Neutral,I don't know,,Low risk
Yes,1 to 3 years,1–3 hours,"X (Twitter), Reddit (e.g., r/wallstreetbets), Financial News Websites (Bloomberg, Reuters, Business Recorder)",3 - Neutral,4 - Agree,3 - Neutral,4 - Agree,4 - Agree,5 - Strongly Agree,2 - Disagree,3 - Neutral,4 - Agree,4 - Agree,5 - Strongly Agree,3 - Neutral,4 - Agree,Less than today,FALSE,High risk
No,1 to 3 years,,,,,,,,,,,,,,,,,,
Yes,1 to 3 years,1–3 hours,"Reddit (e.g., r/wallstreetbets), Instagram / TikTok, Financial News Websites (Bloomberg, Reuters, Business Recorder)",3 - Neutral,3 - Neutral,4 - Agree,4 - Agree,4 - Agree,3 - Neutral,4 - Agree,3 - Neutral,3 - Neutral,4 - Agree,4 - Agree,3 - Neutral,4 - Agree,Exactly the same,TRUE,High risk
No,1 to 3 years,,,,,,,,,,,,,,,,,,
Yes,1 to 3 years,15+ hours,"Financial News Websites (Bloomberg, Reuters, Business Recorder)",5 - Strongly Agree,5 - Strongly Agree,5 - Strongly Agree,5 - Strongly Agree,5 - Strongly Agree,5 - Strongly Agree,5 - Strongly Agree,5 - Strongly Agree,5 - Strongly Agree,3 - Neutral,3 - Neutral,3 - Neutral,3 - Neutral,I don't know,I don't know,No risk
Yes,1 to 3 years,15+ hours,"X (Twitter), YouTube, Financial News Websites (Bloomberg, Reuters)",3 - Neutral,5 - Strongly Agree,4 - Agree,1 - Strongly Disagree,5 - Strongly Agree,4 - Agree,5 - Strongly Agree,4 - Agree,5 - Strongly Agree,2 - Disagree,3 - Neutral,4 - Agree,2 - Disagree,Less than today,FALSE,High risk
Yes,1 to 3 years,1–3 hours,"X (Twitter), YouTube, Instagram / TikTok",2 - Disagree,4 - Agree,4 - Agree,3 - Neutral,4 - Agree,4 - Agree,3 - Neutral,4 - Agree,4 - Agree,1 - Strongly Disagree,1 - Strongly Disagree,1 - Strongly Disagree,5 - Strongly Agree,Less than today,TRUE,Low risk
Yes,,4–7 hours,"X (Twitter), Reddit (e.g., r/wallstreetbets), Financial News Websites (Bloomberg, Reuters, Business Recorder)",3 - Neutral,4 - Agree,5 - Strongly Agree,5 - Strongly Agree,3 - Neutral,5 - Strongly Agree,4 - Agree,3 - Neutral,3 - Neutral,3 - Neutral,4 - Agree,4 - Agree,3 - Neutral,I don't know,,Low risk
Yes,1 to 3 years,1–3 hours,"X (Twitter), Reddit (e.g., r/wallstreetbets), Financial News Websites (Bloomberg, Reuters, Business Recorder)",3 - Neutral,4 - Agree,3 - Neutral,4 - Agree,4 - Agree,5 - Strongly Agree,2 - Disagree,3 - Neutral,4 - Agree,4 - Agree,5 - Strongly Agree,3 - Neutral,4 - Agree,Less than today,FALSE,High risk
No,1 to 3 years,,,,,,,,,,,,,,,,,,
Yes,,Less than 1 hour,"X (Twitter), Financial News Websites (Bloomberg, Reuters, Business Recorder)",4 - Agree,5 - Strongly Agree,2 - Disagree,3 - Neutral,5 - Strongly Agree,1 - Strongly Disagree,5 - Strongly Agree,5 - Strongly Agree,5 - Strongly Agree,4 - Agree,5 - Strongly Agree,2 - Disagree,5 - Strongly Agree,I don't know,I don't know,I don't know
No,1 to 3 years,,,,,,,,,,,,,,,,,,
Yes,More than 5 years,1–3 hours,"YouTube, Instagram / TikTok, Financial News Websites (Bloomberg, Reuters, Business Recorder)",4 - Agree,4 - Agree,1 - Strongly Disagree,3 - Neutral,5 - Strongly Agree,1 - Strongly Disagree,3 - Neutral,4 - Agree,1 - Strongly Disagree,3 - Neutral,3 - Neutral,1 - Strongly Disagree,1 - Strongly Disagree,Less than today,FALSE,High risk
Yes,1 to 3 years,15+ hours,"Financial News Websites (Bloomberg, Reuters, Business Recorder)",5 - Strongly Agree,5 - Strongly Agree,5 - Strongly Agree,5 - Strongly Agree,5 - Strongly Agree,5 - Strongly Agree,5 - Strongly Agree,5 - Strongly Agree,5 - Strongly Agree,3 - Neutral,3 - Neutral,3 - Neutral,3 - Neutral,I don't know,I don't know,No risk
Yes,1 to 3 years,15+ hours,"X (Twitter), YouTube, Financial News Websites (Bloomberg, Reuters)",3 - Neutral,5 - Strongly Agree,4 - Agree,1 - Strongly Disagree,5 - Strongly Agree,4 - Agree,5 - Strongly Agree,4 - Agree,5 - Strongly Agree,2 - Disagree,3 - Neutral,4 - Agree,2 - Disagree,Less than today,FALSE,High risk
Yes,,Less than 1 hour,YouTube,3 - Neutral,3 - Neutral,4 - Agree,4 - Agree,4 - Agree,4 - Agree,3 - Neutral,4 - Agree,4 - Agree,2 - Disagree,3 - Neutral,3 - Neutral,3 - Neutral,More than today,TRUE,High risk
Yes,1 to 3 years,1–3 hours,"X (Twitter), YouTube, Instagram / TikTok",2 - Disagree,4 - Agree,4 - Agree,3 - Neutral,4 - Agree,4 - Agree,3 - Neutral,4 - Agree,4 - Agree,1 - Strongly Disagree,1 - Strongly Disagree,1 - Strongly Disagree,5 - Strongly Agree,Less than today,TRUE,Low risk
No,1 to 3 years,,,,,,,,,,,,,,,,,,
Yes,,Less than 1 hour,"X (Twitter), Financial News Websites (Bloomberg, Reuters, Business Recorder)",4 - Agree,5 - Strongly Agree,2 - Disagree,3 - Neutral,5 - Strongly Agree,1 - Strongly Disagree,5 - Strongly Agree,5 - Strongly Agree,5 - Strongly Agree,4 - Agree,5 - Strongly Agree,2 - Disagree,5 - Strongly Agree,I don't know,I don't know,I don't know
No,1 to 3 years,,,,,,,,,,,,,,,,,,
Yes,More than 5 years,1–3 hours,"YouTube, Instagram / TikTok, Financial News Websites (Bloomberg, Reuters, Business Recorder)",4 - Agree,4 - Agree,1 - Strongly Disagree,3 - Neutral,5 - Strongly Agree,1 - Strongly Disagree,3 - Neutral,4 - Agree,1 - Strongly Disagree,3 - Neutral,3 - Neutral,1 - Strongly Disagree,1 - Strongly Disagree,Less than today,FALSE,High risk
Yes,1 to 3 years,15+ hours,"Financial News Websites (Bloomberg, Reuters, Business Recorder)",5 - Strongly Agree,5 - Strongly Agree,5 - Strongly Agree,5 - Strongly Agree,5 - Strongly Agree,5 - Strongly Agree,5 - Strongly Agree,5 - Strongly Agree,5 - Strongly Agree,3 - Neutral,3 - Neutral,3 - Neutral,3 - Neutral,I don't know,I don't know,No risk
Yes,1 to 3 years,15+ hours,"X (Twitter), YouTube, Financial News Websites (Bloomberg, Reuters)",3 - Neutral,5 - Strongly Agree,4 - Agree,1 - Strongly Disagree,5 - Strongly Agree,4 - Agree,5 - Strongly Agree,4 - Agree,5 - Strongly Agree,2 - Disagree,3 - Neutral,4 - Agree,2 - Disagree,Less than today,FALSE,High risk
Yes,,1–3 hours,"X (Twitter), YouTube, Instagram / TikTok",2 - Disagree,1 - Strongly Disagree,4 - Agree,2 - Disagree,4 - Agree,1 - Strongly Disagree,2 - Disagree,2 - Disagree,4 - Agree,2 - Disagree,3 - Neutral,1 - Strongly Disagree,1 - Strongly Disagree,Less than today,,
Yes,3 to 5 years,1–3 hours,"X (Twitter), Instagram / TikTok",3 - Neutral,3 - Neutral,2 - Disagree,2 - Disagree,3 - Neutral,3 - Neutral,1 - Strongly Disagree,3 - Neutral,3 - Neutral,1 - Strongly Disagree,3 - Neutral,1 - Strongly Disagree,1 - Strongly Disagree,Less than today,FALSE,High risk
Yes,,,"Instagram / TikTok, Financial News Websites (Bloomberg, Reuters)",3 - Neutral,2 - Disagree,3 - Neutral,4 - Agree,4 - Agree,3 - Neutral,2 - Disagree,3 - Neutral,3 - Neutral,4 - Agree,1 - Strongly Disagree,2 - Disagree,3 - Neutral,Less than today,,High risk
Yes,,,"Instagram / TikTok, Financial News Websites (Bloomberg, Reuters)",3 - Neutral,3 - Neutral,2 - Disagree,3 - Neutral,3 - Neutral,3 - Neutral,3 - Neutral,3 - Neutral,3 - Neutral,3 - Neutral,3 - Neutral,3 - Neutral,3 - Neutral,Less than today,FALSE,
Yes,,Less than 1 hour,YouTube,3 - Neutral,3 - Neutral,4 - Agree,4 - Agree,4 - Agree,4 - Agree,3 - Neutral,4 - Agree,4 - Agree,2 - Disagree,3 - Neutral,3 - Neutral,3 - Neutral,More than today,TRUE,High risk
Yes,1 to 3 years,4–7 hours,"X (Twitter), Reddit (e.g., r/wallstreetbets), Financial News Websites (Bloomberg, Reuters, Business Recorder)",3 - Neutral,2 - Disagree,4 - Agree,2 - Disagree,4 - Agree,4 - Agree,1 - Strongly Disagree,2 - Disagree,3 - Neutral,1 - Strongly Disagree,3 - Neutral,4 - Agree,4 - Agree,Less than today,FALSE,High risk
Yes,1 to 3 years,1–3 hours,"X (Twitter), Reddit (e.g., r/wallstreetbets), Financial News Websites (Bloomberg, Reuters, Business Recorder)",3 - Neutral,4 - Agree,3 - Neutral,4 - Agree,4 - Agree,5 - Strongly Agree,2 - Disagree,3 - Neutral,4 - Agree,4 - Agree,5 - Strongly Agree,3 - Neutral,4 - Agree,Less than today,FALSE,High risk
No,1 to 3 years,,,,,,,,,,,,,,,,,,
Yes,3 to 5 years,8–14 hours,"X (Twitter), Financial News Websites (Bloomberg, Reuters, Business Recorder)",1 - Strongly Disagree,1 - Strongly Disagree,1 - Strongly Disagree,1 - Strongly Disagree,1 - Strongly Disagree,1 - Strongly Disagree,1 - Strongly Disagree,1 - Strongly Disagree,1 - Strongly Disagree,1 - Strongly Disagree,1 - Strongly Disagree,1 - Strongly Disagree,1 - Strongly Disagree,Less than today,FALSE,High risk
Yes,1 to 3 years,1–3 hours,"Financial News Websites (Bloomberg, Reuters, Business Recorder)",2 - Disagree,1 - Strongly Disagree,4 - Agree,1 - Strongly Disagree,3 - Neutral,4 - Agree,4 - Agree,1 - Strongly Disagree,2 - Disagree,2 - Disagree,3 - Neutral,2 - Disagree,2 - Disagree,More than today,FALSE,High risk
Yes,1 to 3 years,1–3 hours,"Reddit (e.g., r/wallstreetbets), Instagram / TikTok, Financial News Websites (Bloomberg, Reuters, Business Recorder)",3 - Neutral,3 - Neutral,4 - Agree,4 - Agree,4 - Agree,3 - Neutral,4 - Agree,3 - Neutral,3 - Neutral,4 - Agree,4 - Agree,3 - Neutral,4 - Agree,Exactly the same,TRUE,High risk
No,1 to 3 years,,,,,,,,,,,,,,,,,,
Yes,More than 5 years,1–3 hours,"YouTube, Instagram / TikTok, Financial News Websites (Bloomberg, Reuters, Business Recorder)",4 - Agree,4 - Agree,1 - Strongly Disagree,3 - Neutral,5 - Strongly Agree,1 - Strongly Disagree,3 - Neutral,4 - Agree,1 - Strongly Disagree,3 - Neutral,3 - Neutral,1 - Strongly Disagree,1 - Strongly Disagree,Less than today,FALSE,High risk
Yes,1 to 3 years,15+ hours,"X (Twitter), YouTube, Financial News Websites (Bloomberg, Reuters)",3 - Neutral,5 - Strongly Agree,4 - Agree,1 - Strongly Disagree,5 - Strongly Agree,4 - Agree,5 - Strongly Agree,4 - Agree,5 - Strongly Agree,2 - Disagree,3 - Neutral,4 - Agree,2 - Disagree,Less than today,FALSE,High risk
Yes,,1–3 hours,"X (Twitter), YouTube, Instagram / TikTok",2 - Disagree,1 - Strongly Disagree,4 - Agree,2 - Disagree,4 - Agree,1 - Strongly Disagree,2 - Disagree,2 - Disagree,4 - Agree,2 - Disagree,3 - Neutral,1 - Strongly Disagree,1 - Strongly Disagree,Less than today,,
Yes,3 to 5 years,1–3 hours,"X (Twitter), Instagram / TikTok",3 - Neutral,3 - Neutral,2 - Disagree,2 - Disagree,3 - Neutral,3 - Neutral,1 - Strongly Disagree,3 - Neutral,3 - Neutral,1 - Strongly Disagree,3 - Neutral,1 - Strongly Disagree,1 - Strongly Disagree,Less than today,FALSE,High risk
Yes,,,"Instagram / TikTok, Financial News Websites (Bloomberg, Reuters)",3 - Neutral,2 - Disagree,3 - Neutral,4 - Agree,4 - Agree,3 - Neutral,2 - Disagree,3 - Neutral,3 - Neutral,4 - Agree,1 - Strongly Disagree,2 - Disagree,3 - Neutral,Less than today,,High risk
Yes,,,"Instagram / TikTok, Financial News Websites (Bloomberg, Reuters)",3 - Neutral,3 - Neutral,2 - Disagree,3 - Neutral,3 - Neutral,3 - Neutral,3 - Neutral,3 - Neutral,3 - Neutral,3 - Neutral,3 - Neutral,3 - Neutral,3 - Neutral,Less than today,FALSE,
Yes,1 to 3 years,4–7 hours,"X (Twitter), Reddit (e.g., r/wallstreetbets), Financial News Websites (Bloomberg, Reuters, Business Recorder)",3 - Neutral,2 - Disagree,4 - Agree,2 - Disagree,4 - Agree,4 - Agree,1 - Strongly Disagree,2 - Disagree,3 - Neutral,1 - Strongly Disagree,3 - Neutral,4 - Agree,4 - Agree,Less than today,FALSE,High risk
Yes,1 to 3 years,1–3 hours,"X (Twitter), Reddit (e.g., r/wallstreetbets), Financial News Websites (Bloomberg, Reuters, Business Recorder)",3 - Neutral,4 - Agree,3 - Neutral,4 - Agree,4 - Agree,5 - Strongly Agree,2 - Disagree,3 - Neutral,4 - Agree,4 - Agree,5 - Strongly Agree,3 - Neutral,4 - Agree,Less than today,FALSE,High risk
No,1 to 3 years,,,,,,,,,,,,,,,,,,
Yes,3 to 5 years,8–14 hours,"X (Twitter), Financial News Websites (Bloomberg, Reuters, Business Recorder)",1 - Strongly Disagree,1 - Strongly Disagree,1 - Strongly Disagree,1 - Strongly Disagree,1 - Strongly Disagree,1 - Strongly Disagree,1 - Strongly Disagree,1 - Strongly Disagree,1 - Strongly Disagree,1 - Strongly Disagree,1 - Strongly Disagree,1 - Strongly Disagree,1 - Strongly Disagree,Less than today,FALSE,High risk
No,1 to 3 years,,,,,,,,,,,,,,,,,,
Yes,More than 5 years,1–3 hours,"YouTube, Instagram / TikTok, Financial News Websites (Bloomberg, Reuters, Business Recorder)",4 - Agree,4 - Agree,1 - Strongly Disagree,3 - Neutral,5 - Strongly Agree,1 - Strongly Disagree,3 - Neutral,4 - Agree,1 - Strongly Disagree,3 - Neutral,3 - Neutral,1 - Strongly Disagree,1 - Strongly Disagree,Less than today,FALSE,High risk
Yes,1 to 3 years,15+ hours,"X (Twitter), YouTube, Financial News Websites (Bloomberg, Reuters)",3 - Neutral,5 - Strongly Agree,4 - Agree,1 - Strongly Disagree,5 - Strongly Agree,4 - Agree,5 - Strongly Agree,4 - Agree,5 - Strongly Agree,2 - Disagree,3 - Neutral,4 - Agree,2 - Disagree,Less than today,FALSE,High risk
Yes,,1–3 hours,"X (Twitter), YouTube, Instagram / TikTok",2 - Disagree,1 - Strongly Disagree,4 - Agree,2 - Disagree,4 - Agree,1 - Strongly Disagree,2 - Disagree,2 - Disagree,4 - Agree,2 - Disagree,3 - Neutral,1 - Strongly Disagree,1 - Strongly Disagree,Less than today,,
Yes,3 to 5 years,1–3 hours,"X (Twitter), Instagram / TikTok",3 - Neutral,3 - Neutral,2 - Disagree,2 - Disagree,3 - Neutral,3 - Neutral,1 - Strongly Disagree,3 - Neutral,3 - Neutral,1 - Strongly Disagree,3 - Neutral,1 - Strongly Disagree,1 - Strongly Disagree,Less than today,FALSE,High risk
Yes,,,"Instagram / TikTok, Financial News Websites (Bloomberg, Reuters)",3 - Neutral,2 - Disagree,3 - Neutral,4 - Agree,4 - Agree,3 - Neutral,2 - Disagree,3 - Neutral,3 - Neutral,4 - Agree,1 - Strongly Disagree,2 - Disagree,3 - Neutral,Less than today,,High risk
Yes,,,"Instagram / TikTok, Financial News Websites (Bloomberg, Reuters)",3 - Neutral,3 - Neutral,2 - Disagree,3 - Neutral,3 - Neutral,3 - Neutral,3 - Neutral,3 - Neutral,3 - Neutral,3 - Neutral,3 - Neutral,3 - Neutral,3 - Neutral,Less than today,FALSE,
Yes,1 to 3 years,4–7 hours,"X (Twitter), Reddit (e.g., r/wallstreetbets), Financial News Websites (Bloomberg, Reuters, Business Recorder)",3 - Neutral,2 - Disagree,4 - Agree,2 - Disagree,4 - Agree,4 - Agree,1 - Strongly Disagree,2 - Disagree,3 - Neutral,1 - Strongly Disagree,3 - Neutral,4 - Agree,4 - Agree,Less than today,FALSE,High risk
Yes,1 to 3 years,1–3 hours,"X (Twitter), Reddit (e.g., r/wallstreetbets), Financial News Websites (Bloomberg, Reuters, Business Recorder)",3 - Neutral,4 - Agree,3 - Neutral,4 - Agree,4 - Agree,5 - Strongly Agree,2 - Disagree,3 - Neutral,4 - Agree,4 - Agree,5 - Strongly Agree,3 - Neutral,4 - Agree,Less than today,FALSE,High risk
No,1 to 3 years,,,,,,,,,,,,,,,,,,
Yes,3 to 5 years,8–14 hours,"X (Twitter), Financial News Websites (Bloomberg, Reuters, Business Recorder)",1 - Strongly Disagree,1 - Strongly Disagree,1 - Strongly Disagree,1 - Strongly Disagree,1 - Strongly Disagree,1 - Strongly Disagree,1 - Strongly Disagree,1 - Strongly Disagree,1 - Strongly Disagree,1 - Strongly Disagree,1 - Strongly Disagree,1 - Strongly Disagree,1 - Strongly Disagree,Less than today,FALSE,High risk
No,1 to 3 years,,,,,,,,,,,,,,,,,,
Yes,More than 5 years,1–3 hours,"YouTube, Instagram / TikTok, Financial News Websites (Bloomberg, Reuters, Business Recorder)",4 - Agree,4 - Agree,1 - Strongly Disagree,3 - Neutral,5 - Strongly Agree,1 - Strongly Disagree,3 - Neutral,4 - Agree,1 - Strongly Disagree,3 - Neutral,3 - Neutral,1 - Strongly Disagree,1 - Strongly Disagree,Less than today,FALSE,High risk
Yes,1 to 3 years,15+ hours,"Financial News Websites (Bloomberg, Reuters, Business Recorder)",5 - Strongly Agree,5 - Strongly Agree,5 - Strongly Agree,5 - Strongly Agree,5 - Strongly Agree,5 - Strongly Agree,5 - Strongly Agree,5 - Strongly Agree,5 - Strongly Agree,3 - Neutral,3 - Neutral,3 - Neutral,3 - Neutral,I don't know,I don't know,No risk
Yes,1 to 3 years,15+ hours,"X (Twitter), YouTube, Financial News Websites (Bloomberg, Reuters)",3 - Neutral,5 - Strongly Agree,4 - Agree,1 - Strongly Disagree,5 - Strongly Agree,4 - Agree,5 - Strongly Agree,4 - Agree,5 - Strongly Agree,2 - Disagree,3 - Neutral,4 - Agree,2 - Disagree,Less than today,FALSE,High risk
Yes,,1–3 hours,"X (Twitter), YouTube, Instagram / TikTok",2 - Disagree,1 - Strongly Disagree,4 - Agree,2 - Disagree,4 - Agree,1 - Strongly Disagree,2 - Disagree,2 - Disagree,4 - Agree,2 - Disagree,3 - Neutral,1 - Strongly Disagree,1 - Strongly Disagree,Less than today,,
Yes,3 to 5 years,1–3 hours,"X (Twitter), Instagram / TikTok",3 - Neutral,3 - Neutral,2 - Disagree,2 - Disagree,3 - Neutral,3 - Neutral,1 - Strongly Disagree,3 - Neutral,3 - Neutral,1 - Strongly Disagree,3 - Neutral,1 - Strongly Disagree,1 - Strongly Disagree,Less than today,FALSE,High risk
Yes,,,"Instagram / TikTok, Financial News Websites (Bloomberg, Reuters)",3 - Neutral,2 - Disagree,3 - Neutral,4 - Agree,4 - Agree,3 - Neutral,2 - Disagree,3 - Neutral,3 - Neutral,4 - Agree,1 - Strongly Disagree,2 - Disagree,3 - Neutral,Less than today,,High risk
Yes,,,"Instagram / TikTok, Financial News Websites (Bloomberg, Reuters)",3 - Neutral,3 - Neutral,2 - Disagree,3 - Neutral,3 - Neutral,3 - Neutral,3 - Neutral,3 - Neutral,3 - Neutral,3 - Neutral,3 - Neutral,3 - Neutral,3 - Neutral,Less than today,FALSE,
Yes,,Less than 1 hour,YouTube,3 - Neutral,3 - Neutral,4 - Agree,4 - Agree,4 - Agree,4 - Agree,3 - Neutral,4 - Agree,4 - Agree,2 - Disagree,3 - Neutral,3 - Neutral,3 - Neutral,More than today,TRUE,High risk
Yes,1 to 3 years,1–3 hours,"X (Twitter), YouTube, Instagram / TikTok",2 - Disagree,4 - Agree,4 - Agree,3 - Neutral,4 - Agree,4 - Agree,3 - Neutral,4 - Agree,4 - Agree,1 - Strongly Disagree,1 - Strongly Disagree,1 - Strongly Disagree,5 - Strongly Agree,Less than today,TRUE,Low risk
Yes,1 to 3 years,Less than 1 hour,X (Twitter),1 - Strongly Disagree,2 - Disagree,1 - Strongly Disagree,3 - Neutral,3 - Neutral,2 - Disagree,4 - Agree,2 - Disagree,3 - Neutral,2 - Disagree,1 - Strongly Disagree,3 - Neutral,3 - Neutral,Exactly the same,TRUE,No risk
Yes,,4–7 hours,"X (Twitter), Reddit (e.g., r/wallstreetbets), Financial News Websites (Bloomberg, Reuters, Business Recorder)",3 - Neutral,4 - Agree,5 - Strongly Agree,5 - Strongly Agree,3 - Neutral,5 - Strongly Agree,4 - Agree,3 - Neutral,3 - Neutral,3 - Neutral,4 - Agree,4 - Agree,3 - Neutral,I don't know,,Low risk
Yes,,1–3 hours,"Reddit (e.g., r/wallstreetbets)",2 - Disagree,1 - Strongly Disagree,3 - Neutral,1 - Strongly Disagree,4 - Agree,3 - Neutral,1 - Strongly Disagree,2 - Disagree,2 - Disagree,2 - Disagree,2 - Disagree,1 - Strongly Disagree,2 - Disagree,Exactly the same,FALSE,No risk
Yes,1 to 3 years,4–7 hours,"X (Twitter), Reddit (e.g., r/wallstreetbets), Financial News Websites (Bloomberg, Reuters, Business Recorder)",3 - Neutral,2 - Disagree,4 - Agree,2 - Disagree,4 - Agree,4 - Agree,1 - Strongly Disagree,2 - Disagree,3 - Neutral,1 - Strongly Disagree,3 - Neutral,4 - Agree,4 - Agree,Less than today,FALSE,High risk
Yes,3 to 5 years,4–7 hours,"Reddit (e.g., r/wallstreetbets)",2 - Disagree,3 - Neutral,5 - Strongly Agree,3 - Neutral,2 - Disagree,5 - Strongly Agree,1 - Strongly Disagree,3 - Neutral,3 - Neutral,3 - Neutral,3 - Neutral,3 - Neutral,3 - Neutral,I don't know,TRUE,Low risk
Yes,1 to 3 years,1–3 hours,"X (Twitter), Reddit (e.g., r/wallstreetbets), Financial News Websites (Bloomberg, Reuters, Business Recorder)",3 - Neutral,4 - Agree,3 - Neutral,4 - Agree,4 - Agree,5 - Strongly Agree,2 - Disagree,3 - Neutral,4 - Agree,4 - Agree,5 - Strongly Agree,3 - Neutral,4 - Agree,Less than today,FALSE,High risk
No,1 to 3 years,,,,,,,,,,,,,,,,,,
Yes,3 to 5 years,8–14 hours,"X (Twitter), Financial News Websites (Bloomberg, Reuters, Business Recorder)",1 - Strongly Disagree,1 - Strongly Disagree,1 - Strongly Disagree,1 - Strongly Disagree,1 - Strongly Disagree,1 - Strongly Disagree,1 - Strongly Disagree,1 - Strongly Disagree,1 - Strongly Disagree,1 - Strongly Disagree,1 - Strongly Disagree,1 - Strongly Disagree,1 - Strongly Disagree,Less than today,FALSE,High risk
Yes,,Less than 1 hour,"X (Twitter), Financial News Websites (Bloomberg, Reuters, Business Recorder)",4 - Agree,5 - Strongly Agree,2 - Disagree,3 - Neutral,5 - Strongly Agree,1 - Strongly Disagree,5 - Strongly Agree,5 - Strongly Agree,5 - Strongly Agree,4 - Agree,5 - Strongly Agree,2 - Disagree,5 - Strongly Agree,I don't know,I don't know,I don't know
Yes,1 to 3 years,1–3 hours,"Financial News Websites (Bloomberg, Reuters, Business Recorder)",2 - Disagree,1 - Strongly Disagree,4 - Agree,1 - Strongly Disagree,3 - Neutral,4 - Agree,4 - Agree,1 - Strongly Disagree,2 - Disagree,2 - Disagree,3 - Neutral,2 - Disagree,2 - Disagree,More than today,FALSE,High risk
Yes,1 to 3 years,1–3 hours,"Reddit (e.g., r/wallstreetbets), Instagram / TikTok, Financial News Websites (Bloomberg, Reuters, Business Recorder)",3 - Neutral,3 - Neutral,4 - Agree,4 - Agree,4 - Agree,3 - Neutral,4 - Agree,3 - Neutral,3 - Neutral,4 - Agree,4 - Agree,3 - Neutral,4 - Agree,Exactly the same,TRUE,High risk
No,1 to 3 years,,,,,,,,,,,,,,,,,,
Yes,More than 5 years,1–3 hours,"YouTube, Instagram / TikTok, Financial News Websites (Bloomberg, Reuters, Business Recorder)",4 - Agree,4 - Agree,1 - Strongly Disagree,3 - Neutral,5 - Strongly Agree,1 - Strongly Disagree,3 - Neutral,4 - Agree,1 - Strongly Disagree,3 - Neutral,3 - Neutral,1 - Strongly Disagree,1 - Strongly Disagree,Less than today,FALSE,High risk
Yes,3 to 5 years,15+ hours,"Financial News Websites (Bloomberg, Reuters, Business Recorder)",3 - Neutral,1 - Strongly Disagree,3 - Neutral,3 - Neutral,5 - Strongly Agree,5 - Strongly Agree,5 - Strongly Agree,1 - Strongly Disagree,3 - Neutral,2 - Disagree,1 - Strongly Disagree,1 - Strongly Disagree,3 - Neutral,I don't know,FALSE,Low risk
Yes,1 to 3 years,15+ hours,"Financial News Websites (Bloomberg, Reuters, Business Recorder)",5 - Strongly Agree,5 - Strongly Agree,5 - Strongly Agree,5 - Strongly Agree,5 - Strongly Agree,5 - Strongly Agree,5 - Strongly Agree,5 - Strongly Agree,5 - Strongly Agree,3 - Neutral,3 - Neutral,3 - Neutral,3 - Neutral,I don't know,I don't know,No risk
Yes,1 to 3 years,15+ hours,"X (Twitter), YouTube, Financial News Websites (Bloomberg, Reuters)",3 - Neutral,5 - Strongly Agree,4 - Agree,1 - Strongly Disagree,5 - Strongly Agree,4 - Agree,5 - Strongly Agree,4 - Agree,5 - Strongly Agree,2 - Disagree,3 - Neutral,4 - Agree,2 - Disagree,Less than today,FALSE,High risk
Yes,,1–3 hours,"X (Twitter), YouTube, Instagram / TikTok",2 - Disagree,1 - Strongly Disagree,4 - Agree,2 - Disagree,4 - Agree,1 - Strongly Disagree,2 - Disagree,2 - Disagree,4 - Agree,2 - Disagree,3 - Neutral,1 - Strongly Disagree,1 - Strongly Disagree,Less than today,,
Yes,,,"Instagram / TikTok, Financial News Websites (Bloomberg, Reuters)",3 - Neutral,2 - Disagree,3 - Neutral,4 - Agree,4 - Agree,3 - Neutral,2 - Disagree,3 - Neutral,3 - Neutral,4 - Agree,1 - Strongly Disagree,2 - Disagree,3 - Neutral,Less than today,,High risk
Yes,,,"Instagram / TikTok, Financial News Websites (Bloomberg, Reuters)",3 - Neutral,3 - Neutral,2 - Disagree,3 - Neutral,3 - Neutral,3 - Neutral,3 - Neutral,3 - Neutral,3 - Neutral,3 - Neutral,3 - Neutral,3 - Neutral,3 - Neutral,Less than today,FALSE,
Yes,,Less than 1 hour,YouTube,3 - Neutral,3 - Neutral,4 - Agree,4 - Agree,4 - Agree,4 - Agree,3 - Neutral,4 - Agree,4 - Agree,2 - Disagree,3 - Neutral,3 - Neutral,3 - Neutral,More than today,TRUE,High risk
Yes,1 to 3 years,1–3 hours,"X (Twitter), YouTube, Instagram / TikTok",2 - Disagree,4 - Agree,4 - Agree,3 - Neutral,4 - Agree,4 - Agree,3 - Neutral,4 - Agree,4 - Agree,1 - Strongly Disagree,1 - Strongly Disagree,1 - Strongly Disagree,5 - Strongly Agree,Less than today,TRUE,Low risk
Yes,,4–7 hours,"X (Twitter), Reddit (e.g., r/wallstreetbets), Financial News Websites (Bloomberg, Reuters, Business Recorder)",3 - Neutral,4 - Agree,5 - Strongly Agree,5 - Strongly Agree,3 - Neutral,5 - Strongly Agree,4 - Agree,3 - Neutral,3 - Neutral,3 - Neutral,4 - Agree,4 - Agree,3 - Neutral,I don't know,,Low risk
Yes,1 to 3 years,4–7 hours,"X (Twitter), Reddit (e.g., r/wallstreetbets), Financial News Websites (Bloomberg, Reuters, Business Recorder)",3 - Neutral,2 - Disagree,4 - Agree,2 - Disagree,4 - Agree,4 - Agree,1 - Strongly Disagree,2 - Disagree,3 - Neutral,1 - Strongly Disagree,3 - Neutral,4 - Agree,4 - Agree,Less than today,FALSE,High risk
Yes,1 to 3 years,1–3 hours,"X (Twitter), Reddit (e.g., r/wallstreetbets), Financial News Websites (Bloomberg, Reuters, Business Recorder)",3 - Neutral,4 - Agree,3 - Neutral,4 - Agree,4 - Agree,5 - Strongly Agree,2 - Disagree,3 - Neutral,4 - Agree,4 - Agree,5 - Strongly Agree,3 - Neutral,4 - Agree,Less than today,FALSE,High risk
No,1 to 3 years,,,,,,,,,,,,,,,,,,
Yes,1 to 3 years,1–3 hours,"Reddit (e.g., r/wallstreetbets), Instagram / TikTok, Financial News Websites (Bloomberg, Reuters, Business Recorder)",3 - Neutral,3 - Neutral,4 - Agree,4 - Agree,4 - Agree,3 - Neutral,4 - Agree,3 - Neutral,3 - Neutral,4 - Agree,4 - Agree,3 - Neutral,4 - Agree,Exactly the same,TRUE,High risk
No,1 to 3 years,,,,,,,,,,,,,,,,,,
Yes,More than 5 years,1–3 hours,"YouTube, Instagram / TikTok, Financial News Websites (Bloomberg, Reuters, Business Recorder)",4 - Agree,4 - Agree,1 - Strongly Disagree,3 - Neutral,5 - Strongly Agree,1 - Strongly Disagree,3 - Neutral,4 - Agree,1 - Strongly Disagree,3 - Neutral,3 - Neutral,1 - Strongly Disagree,1 - Strongly Disagree,Less than today,FALSE,High risk
No,1 to 3 years,,,,,,,,,,,,,,,,,,
Yes,,Less than 1 hour,"X (Twitter), Financial News Websites (Bloomberg, Reuters, Business Recorder)",4 - Agree,5 - Strongly Agree,2 - Disagree,3 - Neutral,5 - Strongly Agree,1 - Strongly Disagree,5 - Strongly Agree,5 - Strongly Agree,5 - Strongly Agree,4 - Agree,5 - Strongly Agree,2 - Disagree,5 - Strongly Agree,I don't know,I don't know,I don't know
No,1 to 3 years,,,,,,,,,,,,,,,,,,
Yes,More than 5 years,1–3 hours,"YouTube, Instagram / TikTok, Financial News Websites (Bloomberg, Reuters, Business Recorder)",4 - Agree,4 - Agree,1 - Strongly Disagree,3 - Neutral,5 - Strongly Agree,1 - Strongly Disagree,3 - Neutral,4 - Agree,1 - Strongly Disagree,3 - Neutral,3 - Neutral,1 - Strongly Disagree,1 - Strongly Disagree,Less than today,FALSE,High risk
Yes,1 to 3 years,15+ hours,"Financial News Websites (Bloomberg, Reuters, Business Recorder)",5 - Strongly Agree,5 - Strongly Agree,5 - Strongly Agree,5 - Strongly Agree,5 - Strongly Agree,5 - Strongly Agree,5 - Strongly Agree,5 - Strongly Agree,5 - Strongly Agree,3 - Neutral,3 - Neutral,3 - Neutral,3 - Neutral,I don't know,I don't know,No risk
Yes,,,"Instagram / TikTok, Financial News Websites (Bloomberg, Reuters)",3 - Neutral,2 - Disagree,3 - Neutral,4 - Agree,4 - Agree,3 - Neutral,2 - Disagree,3 - Neutral,3 - Neutral,4 - Agree,1 - Strongly Disagree,2 - Disagree,3 - Neutral,Less than today,,High risk
Yes,,Less than 1 hour,YouTube,3 - Neutral,3 - Neutral,4 - Agree,4 - Agree,4 - Agree,4 - Agree,3 - Neutral,4 - Agree,4 - Agree,2 - Disagree,3 - Neutral,3 - Neutral,3 - Neutral,More than today,TRUE,High risk
Yes,,4–7 hours,"X (Twitter), Reddit (e.g., r/wallstreetbets), Financial News Websites (Bloomberg, Reuters, Business Recorder)",3 - Neutral,4 - Agree,5 - Strongly Agree,5 - Strongly Agree,3 - Neutral,5 - Strongly Agree,4 - Agree,3 - Neutral,3 - Neutral,3 - Neutral,4 - Agree,4 - Agree,3 - Neutral,I don't know,,Low risk
Yes,1 to 3 years,1–3 hours,"X (Twitter), Reddit (e.g., r/wallstreetbets), Financial News Websites (Bloomberg, Reuters, Business Recorder)",3 - Neutral,4 - Agree,3 - Neutral,4 - Agree,4 - Agree,5 - Strongly Agree,2 - Disagree,3 - Neutral,4 - Agree,4 - Agree,5 - Strongly Agree,3 - Neutral,4 - Agree,Less than today,FALSE,High risk
No,1 to 3 years,,,,,,,,,,,,,,,,,,
Yes,1 to 3 years,1–3 hours,"Reddit (e.g., r/wallstreetbets), Instagram / TikTok, Financial News Websites (Bloomberg, Reuters, Business Recorder)",3 - Neutral,3 - Neutral,4 - Agree,4 - Agree,4 - Agree,3 - Neutral,4 - Agree,3 - Neutral,3 - Neutral,4 - Agree,4 - Agree,3 - Neutral,4 - Agree,Exactly the same,TRUE,High risk
No,1 to 3 years,,,,,,,,,,,,,,,,,,
Yes,1 to 3 years,15+ hours,"Financial News Websites (Bloomberg, Reuters, Business Recorder)",5 - Strongly Agree,5 - Strongly Agree,5 - Strongly Agree,5 - Strongly Agree,5 - Strongly Agree,5 - Strongly Agree,5 - Strongly Agree,5 - Strongly Agree,5 - Strongly Agree,3 - Neutral,3 - Neutral,3 - Neutral,3 - Neutral,I don't know,I don't know,No risk
Yes,1 to 3 years,15+ hours,"X (Twitter), YouTube, Financial News Websites (Bloomberg, Reuters)",3 - Neutral,5 - Strongly Agree,4 - Agree,1 - Strongly Disagree,5 - Strongly Agree,4 - Agree,5 - Strongly Agree,4 - Agree,5 - Strongly Agree,2 - Disagree,3 - Neutral,4 - Agree,2 - Disagree,Less than today,FALSE,High risk
Yes,1 to 3 years,1–3 hours,"X (Twitter), YouTube, Instagram / TikTok",2 - Disagree,4 - Agree,4 - Agree,3 - Neutral,4 - Agree,4 - Agree,3 - Neutral,4 - Agree,4 - Agree,1 - Strongly Disagree,1 - Strongly Disagree,1 - Strongly Disagree,5 - Strongly Agree,Less than today,TRUE,Low risk
Yes,,4–7 hours,"X (Twitter), Reddit (e.g., r/wallstreetbets), Financial News Websites (Bloomberg, Reuters, Business Recorder)",3 - Neutral,4 - Agree,5 - Strongly Agree,5 - Strongly Agree,3 - Neutral,5 - Strongly Agree,4 - Agree,3 - Neutral,3 - Neutral,3 - Neutral,4 - Agree,4 - Agree,3 - Neutral,I don't know,,Low risk
Yes,1 to 3 years,1–3 hours,"X (Twitter), Reddit (e.g., r/wallstreetbets), Financial News Websites (Bloomberg, Reuters, Business Recorder)",3 - Neutral,4 - Agree,3 - Neutral,4 - Agree,4 - Agree,5 - Strongly Agree,2 - Disagree,3 - Neutral,4 - Agree,4 - Agree,5 - Strongly Agree,3 - Neutral,4 - Agree,Less than today,FALSE,High risk
No,1 to 3 years,,,,,,,,,,,,,,,,,,
Yes,,Less than 1 hour,"X (Twitter), Financial News Websites (Bloomberg, Reuters, Business Recorder)",4 - Agree,5 - Strongly Agree,2 - Disagree,3 - Neutral,5 - Strongly Agree,1 - Strongly Disagree,5 - Strongly Agree,5 - Strongly Agree,5 - Strongly Agree,4 - Agree,5 - Strongly Agree,2 - Disagree,5 - Strongly Agree,I don't know,I don't know,I don't know
No,1 to 3 years,,,,,,,,,,,,,,,,,,
Yes,More than 5 years,1–3 hours,"YouTube, Instagram / TikTok, Financial News Websites (Bloomberg, Reuters, Business Recorder)",4 - Agree,4 - Agree,1 - Strongly Disagree,3 - Neutral,5 - Strongly Agree,1 - Strongly Disagree,3 - Neutral,4 - Agree,1 - Strongly Disagree,3 - Neutral,3 - Neutral,1 - Strongly Disagree,1 - Strongly Disagree,Less than today,FALSE,High risk
Yes,1 to 3 years,15+ hours,"Financial News Websites (Bloomberg, Reuters, Business Recorder)",5 - Strongly Agree,5 - Strongly Agree,5 - Strongly Agree,5 - Strongly Agree,5 - Strongly Agree,5 - Strongly Agree,5 - Strongly Agree,5 - Strongly Agree,5 - Strongly Agree,3 - Neutral,3 - Neutral,3 - Neutral,3 - Neutral,I don't know,I don't know,No risk
Yes,1 to 3 years,15+ hours,"X (Twitter), YouTube, Financial News Websites (Bloomberg, Reuters)",3 - Neutral,5 - Strongly Agree,4 - Agree,1 - Strongly Disagree,5 - Strongly Agree,4 - Agree,5 - Strongly Agree,4 - Agree,5 - Strongly Agree,2 - Disagree,3 - Neutral,4 - Agree,2 - Disagree,Less than today,FALSE,High risk
Yes,,Less than 1 hour,YouTube,3 - Neutral,3 - Neutral,4 - Agree,4 - Agree,4 - Agree,4 - Agree,3 - Neutral,4 - Agree,4 - Agree,2 - Disagree,3 - Neutral,3 - Neutral,3 - Neutral,More than today,TRUE,High risk
Yes,1 to 3 years,1–3 hours,"X (Twitter), YouTube, Instagram / TikTok",2 - Disagree,4 - Agree,4 - Agree,3 - Neutral,4 - Agree,4 - Agree,3 - Neutral,4 - Agree,4 - Agree,1 - Strongly Disagree,1 - Strongly Disagree,1 - Strongly Disagree,5 - Strongly Agree,Less than today,TRUE,Low risk
No,1 to 3 years,,,,,,,,,,,,,,,,,,
Yes,,Less than 1 hour,"X (Twitter), Financial News Websites (Bloomberg, Reuters, Business Recorder)",4 - Agree,5 - Strongly Agree,2 - Disagree,3 - Neutral,5 - Strongly Agree,1 - Strongly Disagree,5 - Strongly Agree,5 - Strongly Agree,5 - Strongly Agree,4 - Agree,5 - Strongly Agree,2 - Disagree,5 - Strongly Agree,I don't know,I don't know,I don't know
No,1 to 3 years,,,,,,,,,,,,,,,,,,
Yes,More than 5 years,1–3 hours,"YouTube, Instagram / TikTok, Financial News Websites (Bloomberg, Reuters, Business Recorder)",4 - Agree,4 - Agree,1 - Strongly Disagree,3 - Neutral,5 - Strongly Agree,1 - Strongly Disagree,3 - Neutral,4 - Agree,1 - Strongly Disagree,3 - Neutral,3 - Neutral,1 - Strongly Disagree,1 - Strongly Disagree,Less than today,FALSE,High risk
Yes,1 to 3 years,15+ hours,"Financial News Websites (Bloomberg, Reuters, Business Recorder)",5 - Strongly Agree,5 - Strongly Agree,5 - Strongly Agree,5 - Strongly Agree,5 - Strongly Agree,5 - Strongly Agree,5 - Strongly Agree,5 - Strongly Agree,5 - Strongly Agree,3 - Neutral,3 - Neutral,3 - Neutral,3 - Neutral,I don't know,I don't know,No risk
Yes,1 to 3 years,15+ hours,"X (Twitter), YouTube, Financial News Websites (Bloomberg, Reuters)",3 - Neutral,5 - Strongly Agree,4 - Agree,1 - Strongly Disagree,5 - Strongly Agree,4 - Agree,5 - Strongly Agree,4 - Agree,5 - Strongly Agree,2 - Disagree,3 - Neutral,4 - Agree,2 - Disagree,Less than today,FALSE,High risk
Yes,,1–3 hours,"X (Twitter), YouTube, Instagram / TikTok",2 - Disagree,1 - Strongly Disagree,4 - Agree,2 - Disagree,4 - Agree,1 - Strongly Disagree,2 - Disagree,2 - Disagree,4 - Agree,2 - Disagree,3 - Neutral,1 - Strongly Disagree,1 - Strongly Disagree,Less than today,,
Yes,3 to 5 years,1–3 hours,"X (Twitter), Instagram / TikTok",3 - Neutral,3 - Neutral,2 - Disagree,2 - Disagree,3 - Neutral,3 - Neutral,1 - Strongly Disagree,3 - Neutral,3 - Neutral,1 - Strongly Disagree,3 - Neutral,1 - Strongly Disagree,1 - Strongly Disagree,Less than today,FALSE,High risk
Yes,,,"Instagram / TikTok, Financial News Websites (Bloomberg, Reuters)",3 - Neutral,2 - Disagree,3 - Neutral,4 - Agree,4 - Agree,3 - Neutral,2 - Disagree,3 - Neutral,3 - Neutral,4 - Agree,1 - Strongly Disagree,2 - Disagree,3 - Neutral,Less than today,,High risk
Yes,,,"Instagram / TikTok, Financial News Websites (Bloomberg, Reuters)",3 - Neutral,3 - Neutral,2 - Disagree,3 - Neutral,3 - Neutral,3 - Neutral,3 - Neutral,3 - Neutral,3 - Neutral,3 - Neutral,3 - Neutral,3 - Neutral,3 - Neutral,Less than today,FALSE,
Yes,,Less than 1 hour,YouTube,3 - Neutral,3 - Neutral,4 - Agree,4 - Agree,4 - Agree,4 - Agree,3 - Neutral,4 - Agree,4 - Agree,2 - Disagree,3 - Neutral,3 - Neutral,3 - Neutral,More than today,TRUE,High risk
Yes,1 to 3 years,4–7 hours,"X (Twitter), Reddit (e.g., r/wallstreetbets), Financial News Websites (Bloomberg, Reuters, Business Recorder)",3 - Neutral,2 - Disagree,4 - Agree,2 - Disagree,4 - Agree,4 - Agree,1 - Strongly Disagree,2 - Disagree,3 - Neutral,1 - Strongly Disagree,3 - Neutral,4 - Agree,4 - Agree,Less than today,FALSE,High risk
Yes,1 to 3 years,1–3 hours,"X (Twitter), Reddit (e.g., r/wallstreetbets), Financial News Websites (Bloomberg, Reuters, Business Recorder)",3 - Neutral,4 - Agree,3 - Neutral,4 - Agree,4 - Agree,5 - Strongly Agree,2 - Disagree,3 - Neutral,4 - Agree,4 - Agree,5 - Strongly Agree,3 - Neutral,4 - Agree,Less than today,FALSE,High risk
No,1 to 3 years,,,,,,,,,,,,,,,,,,
Yes,3 to 5 years,8–14 hours,"X (Twitter), Financial News Websites (Bloomberg, Reuters, Business Recorder)",1 - Strongly Disagree,1 - Strongly Disagree,1 - Strongly Disagree,1 - Strongly Disagree,1 - Strongly Disagree,1 - Strongly Disagree,1 - Strongly Disagree,1 - Strongly Disagree,1 - Strongly Disagree,1 - Strongly Disagree,1 - Strongly Disagree,1 - Strongly Disagree,1 - Strongly Disagree,Less than today,FALSE,High risk
Yes,1 to 3 years,1–3 hours,"Financial News Websites (Bloomberg, Reuters, Business Recorder)",2 - Disagree,1 - Strongly Disagree,4 - Agree,1 - Strongly Disagree,3 - Neutral,4 - Agree,4 - Agree,1 - Strongly Disagree,2 - Disagree,2 - Disagree,3 - Neutral,2 - Disagree,2 - Disagree,More than today,FALSE,High risk
Yes,1 to 3 years,1–3 hours,"Reddit (e.g., r/wallstreetbets), Instagram / TikTok, Financial News Websites (Bloomberg, Reuters, Business Recorder)",3 - Neutral,3 - Neutral,4 - Agree,4 - Agree,4 - Agree,3 - Neutral,4 - Agree,3 - Neutral,3 - Neutral,4 - Agree,4 - Agree,3 - Neutral,4 - Agree,Exactly the same,TRUE,High risk
No,1 to 3 years,,,,,,,,,,,,,,,,,,
Yes,More than 5 years,1–3 hours,"YouTube, Instagram / TikTok, Financial News Websites (Bloomberg, Reuters, Business Recorder)",4 - Agree,4 - Agree,1 - Strongly Disagree,3 - Neutral,5 - Strongly Agree,1 - Strongly Disagree,3 - Neutral,4 - Agree,1 - Strongly Disagree,3 - Neutral,3 - Neutral,1 - Strongly Disagree,1 - Strongly Disagree,Less than today,FALSE,High risk
Yes,1 to 3 years,15+ hours,"X (Twitter), YouTube, Financial News Websites (Bloomberg, Reuters)",3 - Neutral,5 - Strongly Agree,4 - Agree,1 - Strongly Disagree,5 - Strongly Agree,4 - Agree,5 - Strongly Agree,4 - Agree,5 - Strongly Agree,2 - Disagree,3 - Neutral,4 - Agree,2 - Disagree,Less than today,FALSE,High risk
Yes,,1–3 hours,"X (Twitter), YouTube, Instagram / TikTok",2 - Disagree,1 - Strongly Disagree,4 - Agree,2 - Disagree,4 - Agree,1 - Strongly Disagree,2 - Disagree,2 - Disagree,4 - Agree,2 - Disagree,3 - Neutral,1 - Strongly Disagree,1 - Strongly Disagree,Less than today,,
Yes,3 to 5 years,1–3 hours,"X (Twitter), Instagram / TikTok",3 - Neutral,3 - Neutral,2 - Disagree,2 - Disagree,3 - Neutral,3 - Neutral,1 - Strongly Disagree,3 - Neutral,3 - Neutral,1 - Strongly Disagree,3 - Neutral,1 - Strongly Disagree,1 - Strongly Disagree,Less than today,FALSE,High risk
Yes,,,"Instagram / TikTok, Financial News Websites (Bloomberg, Reuters)",3 - Neutral,2 - Disagree,3 - Neutral,4 - Agree,4 - Agree,3 - Neutral,2 - Disagree,3 - Neutral,3 - Neutral,4 - Agree,1 - Strongly Disagree,2 - Disagree,3 - Neutral,Less than today,,High risk
Yes,,,"Instagram / TikTok, Financial News Websites (Bloomberg, Reuters)",3 - Neutral,3 - Neutral,2 - Disagree,3 - Neutral,3 - Neutral,3 - Neutral,3 - Neutral,3 - Neutral,3 - Neutral,3 - Neutral,3 - Neutral,3 - Neutral,3 - Neutral,Less than today,FALSE,
Yes,1 to 3 years,4–7 hours,"X (Twitter), Reddit (e.g., r/wallstreetbets), Financial News Websites (Bloomberg, Reuters, Business Recorder)",3 - Neutral,2 - Disagree,4 - Agree,2 - Disagree,4 - Agree,4 - Agree,1 - Strongly Disagree,2 - Disagree,3 - Neutral,1 - Strongly Disagree,3 - Neutral,4 - Agree,4 - Agree,Less than today,FALSE,High risk
Yes,1 to 3 years,1–3 hours,"X (Twitter), Reddit (e.g., r/wallstreetbets), Financial News Websites (Bloomberg, Reuters, Business Recorder)",3 - Neutral,4 - Agree,3 - Neutral,4 - Agree,4 - Agree,5 - Strongly Agree,2 - Disagree,3 - Neutral,4 - Agree,4 - Agree,5 - Strongly Agree,3 - Neutral,4 - Agree,Less than today,FALSE,High risk
No,1 to 3 years,,,,,,,,,,,,,,,,,,
Yes,3 to 5 years,8–14 hours,"X (Twitter), Financial News Websites (Bloomberg, Reuters, Business Recorder)",1 - Strongly Disagree,1 - Strongly Disagree,1 - Strongly Disagree,1 - Strongly Disagree,1 - Strongly Disagree,1 - Strongly Disagree,1 - Strongly Disagree,1 - Strongly Disagree,1 - Strongly Disagree,1 - Strongly Disagree,1 - Strongly Disagree,1 - Strongly Disagree,1 - Strongly Disagree,Less than today,FALSE,High risk
No,1 to 3 years,,,,,,,,,,,,,,,,,,
Yes,More than 5 years,1–3 hours,"YouTube, Instagram / TikTok, Financial News Websites (Bloomberg, Reuters, Business Recorder)",4 - Agree,4 - Agree,1 - Strongly Disagree,3 - Neutral,5 - Strongly Agree,1 - Strongly Disagree,3 - Neutral,4 - Agree,1 - Strongly Disagree,3 - Neutral,3 - Neutral,1 - Strongly Disagree,1 - Strongly Disagree,Less than today,FALSE,High risk
Yes,1 to 3 years,15+ hours,"X (Twitter), YouTube, Financial News Websites (Bloomberg, Reuters)",3 - Neutral,5 - Strongly Agree,4 - Agree,1 - Strongly Disagree,5 - Strongly Agree,4 - Agree,5 - Strongly Agree,4 - Agree,5 - Strongly Agree,2 - Disagree,3 - Neutral,4 - Agree,2 - Disagree,Less than today,FALSE,High risk
Yes,,1–3 hours,"X (Twitter), YouTube, Instagram / TikTok",2 - Disagree,1 - Strongly Disagree,4 - Agree,2 - Disagree,4 - Agree,1 - Strongly Disagree,2 - Disagree,2 - Disagree,4 - Agree,2 - Disagree,3 - Neutral,1 - Strongly Disagree,1 - Strongly Disagree,Less than today,,
Yes,3 to 5 years,1–3 hours,"X (Twitter), Instagram / TikTok",3 - Neutral,3 - Neutral,2 - Disagree,2 - Disagree,3 - Neutral,3 - Neutral,1 - Strongly Disagree,3 - Neutral,3 - Neutral,1 - Strongly Disagree,3 - Neutral,1 - Strongly Disagree,1 - Strongly Disagree,Less than today,FALSE,High risk
Yes,,,"Instagram / TikTok, Financial News Websites (Bloomberg, Reuters)",3 - Neutral,2 - Disagree,3 - Neutral,4 - Agree,4 - Agree,3 - Neutral,2 - Disagree,3 - Neutral,3 - Neutral,4 - Agree,1 - Strongly Disagree,2 - Disagree,3 - Neutral,Less than today,,High risk
Yes,,,"Instagram / TikTok, Financial News Websites (Bloomberg, Reuters)",3 - Neutral,3 - Neutral,2 - Disagree,3 - Neutral,3 - Neutral,3 - Neutral,3 - Neutral,3 - Neutral,3 - Neutral,3 - Neutral,3 - Neutral,3 - Neutral,3 - Neutral,Less than today,FALSE,
Yes,1 to 3 years,4–7 hours,"X (Twitter), Reddit (e.g., r/wallstreetbets), Financial News Websites (Bloomberg, Reuters, Business Recorder)",3 - Neutral,2 - Disagree,4 - Agree,2 - Disagree,4 - Agree,4 - Agree,1 - Strongly Disagree,2 - Disagree,3 - Neutral,1 - Strongly Disagree,3 - Neutral,4 - Agree,4 - Agree,Less than today,FALSE,High risk
Yes,1 to 3 years,1–3 hours,"X (Twitter), Reddit (e.g., r/wallstreetbets), Financial News Websites (Bloomberg, Reuters, Business Recorder)",3 - Neutral,4 - Agree,3 - Neutral,4 - Agree,4 - Agree,5 - Strongly Agree,2 - Disagree,3 - Neutral,4 - Agree,4 - Agree,5 - Strongly Agree,3 - Neutral,4 - Agree,Less than today,FALSE,High risk
No,1 to 3 years,,,,,,,,,,,,,,,,,,
Yes,3 to 5 years,8–14 hours,"X (Twitter), Financial News Websites (Bloomberg, Reuters, Business Recorder)",1 - Strongly Disagree,1 - Strongly Disagree,1 - Strongly Disagree,1 - Strongly Disagree,1 - Strongly Disagree,1 - Strongly Disagree,1 - Strongly Disagree,1 - Strongly Disagree,1 - Strongly Disagree,1 - Strongly Disagree,1 - Strongly Disagree,1 - Strongly Disagree,1 - Strongly Disagree,Less than today,FALSE,High risk
No,1 to 3 years,,,,,,,,,,,,,,,,,,
Yes,More than 5 years,1–3 hours,"YouTube, Instagram / TikTok, Financial News Websites (Bloomberg, Reuters, Business Recorder)",4 - Agree,4 - Agree,1 - Strongly Disagree,3 - Neutral,5 - Strongly Agree,1 - Strongly Disagree,3 - Neutral,4 - Agree,1 - Strongly Disagree,3 - Neutral,3 - Neutral,1 - Strongly Disagree,1 - Strongly Disagree,Less than today,FALSE,High risk
Yes,1 to 3 years,15+ hours,"Financial News Websites (Bloomberg, Reuters, Business Recorder)",5 - Strongly Agree,5 - Strongly Agree,5 - Strongly Agree,5 - Strongly Agree,5 - Strongly Agree,5 - Strongly Agree,5 - Strongly Agree,5 - Strongly Agree,5 - Strongly Agree,3 - Neutral,3 - Neutral,3 - Neutral,3 - Neutral,I don't know,I don't know,No risk
Yes,1 to 3 years,15+ hours,"X (Twitter), YouTube, Financial News Websites (Bloomberg, Reuters)",3 - Neutral,5 - Strongly Agree,4 - Agree,1 - Strongly Disagree,5 - Strongly Agree,4 - Agree,5 - Strongly Agree,4 - Agree,5 - Strongly Agree,2 - Disagree,3 - Neutral,4 - Agree,2 - Disagree,Less than today,FALSE,High risk
Yes,,1–3 hours,"X (Twitter), YouTube, Instagram / TikTok",2 - Disagree,1 - Strongly Disagree,4 - Agree,2 - Disagree,4 - Agree,1 - Strongly Disagree,2 - Disagree,2 - Disagree,4 - Agree,2 - Disagree,3 - Neutral,1 - Strongly Disagree,1 - Strongly Disagree,Less than today,,
Yes,3 to 5 years,1–3 hours,"X (Twitter), Instagram / TikTok",3 - Neutral,3 - Neutral,2 - Disagree,2 - Disagree,3 - Neutral,3 - Neutral,1 - Strongly Disagree,3 - Neutral,3 - Neutral,1 - Strongly Disagree,3 - Neutral,1 - Strongly Disagree,1 - Strongly Disagree,Less than today,FALSE,High risk
Yes,,,"Instagram / TikTok, Financial News Websites (Bloomberg, Reuters)",3 - Neutral,2 - Disagree,3 - Neutral,4 - Agree,4 - Agree,3 - Neutral,2 - Disagree,3 - Neutral,3 - Neutral,4 - Agree,1 - Strongly Disagree,2 - Disagree,3 - Neutral,Less than today,,High risk
Yes,,,"Instagram / TikTok, Financial News Websites (Bloomberg, Reuters)",3 - Neutral,3 - Neutral,2 - Disagree,3 - Neutral,3 - Neutral,3 - Neutral,3 - Neutral,3 - Neutral,3 - Neutral,3 - Neutral,3 - Neutral,3 - Neutral,3 - Neutral,Less than today,FALSE,
Yes,,Less than 1 hour,YouTube,3 - Neutral,3 - Neutral,4 - Agree,4 - Agree,4 - Agree,4 - Agree,3 - Neutral,4 - Agree,4 - Agree,2 - Disagree,3 - Neutral,3 - Neutral,3 - Neutral,More than today,TRUE,High risk
Yes,1 to 3 years,1–3 hours,"X (Twitter), YouTube, Instagram / TikTok",2 - Disagree,4 - Agree,4 - Agree,3 - Neutral,4 - Agree,4 - Agree,3 - Neutral,4 - Agree,4 - Agree,1 - Strongly Disagree,1 - Strongly Disagree,1 - Strongly Disagree,5 - Strongly Agree,Less than today,TRUE,Low risk
Yes,1 to 3 years,Less than 1 hour,X (Twitter),1 - Strongly Disagree,2 - Disagree,1 - Strongly Disagree,3 - Neutral,3 - Neutral,2 - Disagree,4 - Agree,2 - Disagree,3 - Neutral,2 - Disagree,1 - Strongly Disagree,3 - Neutral,3 - Neutral,Exactly the same,TRUE,No risk
Yes,,4–7 hours,"X (Twitter), Reddit (e.g., r/wallstreetbets), Financial News Websites (Bloomberg, Reuters, Business Recorder)",3 - Neutral,4 - Agree,5 - Strongly Agree,5 - Strongly Agree,3 - Neutral,5 - Strongly Agree,4 - Agree,3 - Neutral,3 - Neutral,3 - Neutral,4 - Agree,4 - Agree,3 - Neutral,I don't know,,Low risk
Yes,,1–3 hours,"Reddit (e.g., r/wallstreetbets)",2 - Disagree,1 - Strongly Disagree,3 - Neutral,1 - Strongly Disagree,4 - Agree,3 - Neutral,1 - Strongly Disagree,2 - Disagree,2 - Disagree,2 - Disagree,2 - Disagree,1 - Strongly Disagree,2 - Disagree,Exactly the same,FALSE,No risk
Yes,1 to 3 years,4–7 hours,"X (Twitter), Reddit (e.g., r/wallstreetbets), Financial News Websites (Bloomberg, Reuters, Business Recorder)",3 - Neutral,2 - Disagree,4 - Agree,2 - Disagree,4 - Agree,4 - Agree,1 - Strongly Disagree,2 - Disagree,3 - Neutral,1 - Strongly Disagree,3 - Neutral,4 - Agree,4 - Agree,Less than today,FALSE,High risk
Yes,3 to 5 years,4–7 hours,"Reddit (e.g., r/wallstreetbets)",2 - Disagree,3 - Neutral,5 - Strongly Agree,3 - Neutral,2 - Disagree,5 - Strongly Agree,1 - Strongly Disagree,3 - Neutral,3 - Neutral,3 - Neutral,3 - Neutral,3 - Neutral,3 - Neutral,I don't know,TRUE,Low risk
Yes,1 to 3 years,1–3 hours,"X (Twitter), Reddit (e.g., r/wallstreetbets), Financial News Websites (Bloomberg, Reuters, Business Recorder)",3 - Neutral,4 - Agree,3 - Neutral,4 - Agree,4 - Agree,5 - Strongly Agree,2 - Disagree,3 - Neutral,4 - Agree,4 - Agree,5 - Strongly Agree,3 - Neutral,4 - Agree,Less than today,FALSE,High risk
No,1 to 3 years,,,,,,,,,,,,,,,,,,
Yes,3 to 5 years,8–14 hours,"X (Twitter), Financial News Websites (Bloomberg, Reuters, Business Recorder)",1 - Strongly Disagree,1 - Strongly Disagree,1 - Strongly Disagree,1 - Strongly Disagree,1 - Strongly Disagree,1 - Strongly Disagree,1 - Strongly Disagree,1 - Strongly Disagree,1 - Strongly Disagree,1 - Strongly Disagree,1 - Strongly Disagree,1 - Strongly Disagree,1 - Strongly Disagree,Less than today,FALSE,High risk
Yes,,Less than 1 hour,"X (Twitter), Financial News Websites (Bloomberg, Reuters, Business Recorder)",4 - Agree,5 - Strongly Agree,2 - Disagree,3 - Neutral,5 - Strongly Agree,1 - Strongly Disagree,5 - Strongly Agree,5 - Strongly Agree,5 - Strongly Agree,4 - Agree,5 - Strongly Agree,2 - Disagree,5 - Strongly Agree,I don't know,I don't know,I don't know
Yes,1 to 3 years,1–3 hours,"Financial News Websites (Bloomberg, Reuters, Business Recorder)",2 - Disagree,1 - Strongly Disagree,4 - Agree,1 - Strongly Disagree,3 - Neutral,4 - Agree,4 - Agree,1 - Strongly Disagree,2 - Disagree,2 - Disagree,3 - Neutral,2 - Disagree,2 - Disagree,More than today,FALSE,High risk
Yes,1 to 3 years,1–3 hours,"Reddit (e.g., r/wallstreetbets), Instagram / TikTok, Financial News Websites (Bloomberg, Reuters, Business Recorder)",3 - Neutral,3 - Neutral,4 - Agree,4 - Agree,4 - Agree,3 - Neutral,4 - Agree,3 - Neutral,3 - Neutral,4 - Agree,4 - Agree,3 - Neutral,4 - Agree,Exactly the same,TRUE,High risk
No,1 to 3 years,,,,,,,,,,,,,,,,,,
Yes,More than 5 years,1–3 hours,"YouTube, Instagram / TikTok, Financial News Websites (Bloomberg, Reuters, Business Recorder)",4 - Agree,4 - Agree,1 - Strongly Disagree,3 - Neutral,5 - Strongly Agree,1 - Strongly Disagree,3 - Neutral,4 - Agree,1 - Strongly Disagree,3 - Neutral,3 - Neutral,1 - Strongly Disagree,1 - Strongly Disagree,Less than today,FALSE,High risk
Yes,3 to 5 years,15+ hours,"Financial News Websites (Bloomberg, Reuters, Business Recorder)",3 - Neutral,1 - Strongly Disagree,3 - Neutral,3 - Neutral,5 - Strongly Agree,5 - Strongly Agree,5 - Strongly Agree,1 - Strongly Disagree,3 - Neutral,2 - Disagree,1 - Strongly Disagree,1 - Strongly Disagree,3 - Neutral,I don't know,FALSE,Low risk
Yes,1 to 3 years,15+ hours,"Financial News Websites (Bloomberg, Reuters, Business Recorder)",5 - Strongly Agree,5 - Strongly Agree,5 - Strongly Agree,5 - Strongly Agree,5 - Strongly Agree,5 - Strongly Agree,5 - Strongly Agree,5 - Strongly Agree,5 - Strongly Agree,3 - Neutral,3 - Neutral,3 - Neutral,3 - Neutral,I don't know,I don't know,No risk
Yes,1 to 3 years,15+ hours,"X (Twitter), YouTube, Financial News Websites (Bloomberg, Reuters)",3 - Neutral,5 - Strongly Agree,4 - Agree,1 - Strongly Disagree,5 - Strongly Agree,4 - Agree,5 - Strongly Agree,4 - Agree,5 - Strongly Agree,2 - Disagree,3 - Neutral,4 - Agree,2 - Disagree,Less than today,FALSE,High risk
Yes,,1–3 hours,"X (Twitter), YouTube, Instagram / TikTok",2 - Disagree,1 - Strongly Disagree,4 - Agree,2 - Disagree,4 - Agree,1 - Strongly Disagree,2 - Disagree,2 - Disagree,4 - Agree,2 - Disagree,3 - Neutral,1 - Strongly Disagree,1 - Strongly Disagree,Less than today,,
Yes,,,"Instagram / TikTok, Financial News Websites (Bloomberg, Reuters)",3 - Neutral,2 - Disagree,3 - Neutral,4 - Agree,4 - Agree,3 - Neutral,2 - Disagree,3 - Neutral,3 - Neutral,4 - Agree,1 - Strongly Disagree,2 - Disagree,3 - Neutral,Less than today,,High risk
Yes,,,"Instagram / TikTok, Financial News Websites (Bloomberg, Reuters)",3 - Neutral,3 - Neutral,2 - Disagree,3 - Neutral,3 - Neutral,3 - Neutral,3 - Neutral,3 - Neutral,3 - Neutral,3 - Neutral,3 - Neutral,3 - Neutral,3 - Neutral,Less than today,FALSE,
Yes,,Less than 1 hour,YouTube,3 - Neutral,3 - Neutral,4 - Agree,4 - Agree,4 - Agree,4 - Agree,3 - Neutral,4 - Agree,4 - Agree,2 - Disagree,3 - Neutral,3 - Neutral,3 - Neutral,More than today,TRUE,High risk
Yes,1 to 3 years,1–3 hours,"X (Twitter), YouTube, Instagram / TikTok",2 - Disagree,4 - Agree,4 - Agree,3 - Neutral,4 - Agree,4 - Agree,3 - Neutral,4 - Agree,4 - Agree,1 - Strongly Disagree,1 - Strongly Disagree,1 - Strongly Disagree,5 - Strongly Agree,Less than today,TRUE,Low risk
Yes,,4–7 hours,"X (Twitter), Reddit (e.g., r/wallstreetbets), Financial News Websites (Bloomberg, Reuters, Business Recorder)",3 - Neutral,4 - Agree,5 - Strongly Agree,5 - Strongly Agree,3 - Neutral,5 - Strongly Agree,4 - Agree,3 - Neutral,3 - Neutral,3 - Neutral,4 - Agree,4 - Agree,3 - Neutral,I don't know,,Low risk
Yes,1 to 3 years,4–7 hours,"X (Twitter), Reddit (e.g., r/wallstreetbets), Financial News Websites (Bloomberg, Reuters, Business Recorder)",3 - Neutral,2 - Disagree,4 - Agree,2 - Disagree,4 - Agree,4 - Agree,1 - Strongly Disagree,2 - Disagree,3 - Neutral,1 - Strongly Disagree,3 - Neutral,4 - Agree,4 - Agree,Less than today,FALSE,High risk
Yes,1 to 3 years,1–3 hours,"X (Twitter), Reddit (e.g., r/wallstreetbets), Financial News Websites (Bloomberg, Reuters, Business Recorder)",3 - Neutral,4 - Agree,3 - Neutral,4 - Agree,4 - Agree,5 - Strongly Agree,2 - Disagree,3 - Neutral,4 - Agree,4 - Agree,5 - Strongly Agree,3 - Neutral,4 - Agree,Less than today,FALSE,High risk
No,1 to 3 years,,,,,,,,,,,,,,,,,,
Yes,1 to 3 years,1–3 hours,"Reddit (e.g., r/wallstreetbets), Instagram / TikTok, Financial News Websites (Bloomberg, Reuters, Business Recorder)",3 - Neutral,3 - Neutral,4 - Agree,4 - Agree,4 - Agree,3 - Neutral,4 - Agree,3 - Neutral,3 - Neutral,4 - Agree,4 - Agree,3 - Neutral,4 - Agree,Exactly the same,TRUE,High risk
No,1 to 3 years,,,,,,,,,,,,,,,,,,
Yes,More than 5 years,1–3 hours,"YouTube, Instagram / TikTok, Financial News Websites (Bloomberg, Reuters, Business Recorder)",4 - Agree,4 - Agree,1 - Strongly Disagree,3 - Neutral,5 - Strongly Agree,1 - Strongly Disagree,3 - Neutral,4 - Agree,1 - Strongly Disagree,3 - Neutral,3 - Neutral,1 - Strongly Disagree,1 - Strongly Disagree,Less than today,FALSE,High risk
No,1 to 3 years,,,,,,,,,,,,,,,,,,
Yes,,Less than 1 hour,"X (Twitter), Financial News Websites (Bloomberg, Reuters, Business Recorder)",4 - Agree,5 - Strongly Agree,2 - Disagree,3 - Neutral,5 - Strongly Agree,1 - Strongly Disagree,5 - Strongly Agree,5 - Strongly Agree,5 - Strongly Agree,4 - Agree,5 - Strongly Agree,2 - Disagree,5 - Strongly Agree,I don't know,I don't know,I don't know
No,1 to 3 years,,,,,,,,,,,,,,,,,,
Yes,More than 5 years,1–3 hours,"YouTube, Instagram / TikTok, Financial News Websites (Bloomberg, Reuters, Business Recorder)",4 - Agree,4 - Agree,1 - Strongly Disagree,3 - Neutral,5 - Strongly Agree,1 - Strongly Disagree,3 - Neutral,4 - Agree,1 - Strongly Disagree,3 - Neutral,3 - Neutral,1 - Strongly Disagree,1 - Strongly Disagree,Less than today,FALSE,High risk
Yes,1 to 3 years,15+ hours,"Financial News Websites (Bloomberg, Reuters, Business Recorder)",5 - Strongly Agree,5 - Strongly Agree,5 - Strongly Agree,5 - Strongly Agree,5 - Strongly Agree,5 - Strongly Agree,5 - Strongly Agree,5 - Strongly Agree,5 - Strongly Agree,3 - Neutral,3 - Neutral,3 - Neutral,3 - Neutral,I don't know,I don't know,No risk
Yes,,,"Instagram / TikTok, Financial News Websites (Bloomberg, Reuters)",3 - Neutral,2 - Disagree,3 - Neutral,4 - Agree,4 - Agree,3 - Neutral,2 - Disagree,3 - Neutral,3 - Neutral,4 - Agree,1 - Strongly Disagree,2 - Disagree,3 - Neutral,Less than today,,High risk
Yes,,Less than 1 hour,YouTube,3 - Neutral,3 - Neutral,4 - Agree,4 - Agree,4 - Agree,4 - Agree,3 - Neutral,4 - Agree,4 - Agree,2 - Disagree,3 - Neutral,3 - Neutral,3 - Neutral,More than today,TRUE,High risk
Yes,,4–7 hours,"X (Twitter), Reddit (e.g., r/wallstreetbets), Financial News Websites (Bloomberg, Reuters, Business Recorder)",3 - Neutral,4 - Agree,5 - Strongly Agree,5 - Strongly Agree,3 - Neutral,5 - Strongly Agree,4 - Agree,3 - Neutral,3 - Neutral,3 - Neutral,4 - Agree,4 - Agree,3 - Neutral,I don't know,,Low risk
Yes,1 to 3 years,1–3 hours,"X (Twitter), Reddit (e.g., r/wallstreetbets), Financial News Websites (Bloomberg, Reuters, Business Recorder)",3 - Neutral,4 - Agree,3 - Neutral,4 - Agree,4 - Agree,5 - Strongly Agree,2 - Disagree,3 - Neutral,4 - Agree,4 - Agree,5 - Strongly Agree,3 - Neutral,4 - Agree,Less than today,FALSE,High risk
No,1 to 3 years,,,,,,,,,,,,,,,,,,
Yes,1 to 3 years,1–3 hours,"Reddit (e.g., r/wallstreetbets), Instagram / TikTok, Financial News Websites (Bloomberg, Reuters, Business Recorder)",3 - Neutral,3 - Neutral,4 - Agree,4 - Agree,4 - Agree,3 - Neutral,4 - Agree,3 - Neutral,3 - Neutral,4 - Agree,4 - Agree,3 - Neutral,4 - Agree,Exactly the same,TRUE,High risk
No,1 to 3 years,,,,,,,,,,,,,,,,,,
Yes,1 to 3 years,15+ hours,"Financial News Websites (Bloomberg, Reuters, Business Recorder)",5 - Strongly Agree,5 - Strongly Agree,5 - Strongly Agree,5 - Strongly Agree,5 - Strongly Agree,5 - Strongly Agree,5 - Strongly Agree,5 - Strongly Agree,5 - Strongly Agree,3 - Neutral,3 - Neutral,3 - Neutral,3 - Neutral,I don't know,I don't know,No risk
Yes,1 to 3 years,15+ hours,"X (Twitter), YouTube, Financial News Websites (Bloomberg, Reuters)",3 - Neutral,5 - Strongly Agree,4 - Agree,1 - Strongly Disagree,5 - Strongly Agree,4 - Agree,5 - Strongly Agree,4 - Agree,5 - Strongly Agree,2 - Disagree,3 - Neutral,4 - Agree,2 - Disagree,Less than today,FALSE,High risk
Yes,1 to 3 years,1–3 hours,"X (Twitter), YouTube, Instagram / TikTok",2 - Disagree,4 - Agree,4 - Agree,3 - Neutral,4 - Agree,4 - Agree,3 - Neutral,4 - Agree,4 - Agree,1 - Strongly Disagree,1 - Strongly Disagree,1 - Strongly Disagree,5 - Strongly Agree,Less than today,TRUE,Low risk
Yes,,4–7 hours,"X (Twitter), Reddit (e.g., r/wallstreetbets), Financial News Websites (Bloomberg, Reuters, Business Recorder)",3 - Neutral,4 - Agree,5 - Strongly Agree,5 - Strongly Agree,3 - Neutral,5 - Strongly Agree,4 - Agree,3 - Neutral,3 - Neutral,3 - Neutral,4 - Agree,4 - Agree,3 - Neutral,I don't know,,Low risk
Yes,1 to 3 years,1–3 hours,"X (Twitter), Reddit (e.g., r/wallstreetbets), Financial News Websites (Bloomberg, Reuters, Business Recorder)",3 - Neutral,4 - Agree,3 - Neutral,4 - Agree,4 - Agree,5 - Strongly Agree,2 - Disagree,3 - Neutral,4 - Agree,4 - Agree,5 - Strongly Agree,3 - Neutral,4 - Agree,Less than today,FALSE,High risk
No,1 to 3 years,,,,,,,,,,,,,,,,,,
Yes,,Less than 1 hour,"X (Twitter), Financial News Websites (Bloomberg, Reuters, Business Recorder)",4 - Agree,5 - Strongly Agree,2 - Disagree,3 - Neutral,5 - Strongly Agree,1 - Strongly Disagree,5 - Strongly Agree,5 - Strongly Agree,5 - Strongly Agree,4 - Agree,5 - Strongly Agree,2 - Disagree,5 - Strongly Agree,I don't know,I don't know,I don't know
No,1 to 3 years,,,,,,,,,,,,,,,,,,
Yes,More than 5 years,1–3 hours,"YouTube, Instagram / TikTok, Financial News Websites (Bloomberg, Reuters, Business Recorder)",4 - Agree,4 - Agree,1 - Strongly Disagree,3 - Neutral,5 - Strongly Agree,1 - Strongly Disagree,3 - Neutral,4 - Agree,1 - Strongly Disagree,3 - Neutral,3 - Neutral,1 - Strongly Disagree,1 - Strongly Disagree,Less than today,FALSE,High risk
Yes,1 to 3 years,15+ hours,"Financial News Websites (Bloomberg, Reuters, Business Recorder)",5 - Strongly Agree,5 - Strongly Agree,5 - Strongly Agree,5 - Strongly Agree,5 - Strongly Agree,5 - Strongly Agree,5 - Strongly Agree,5 - Strongly Agree,5 - Strongly Agree,3 - Neutral,3 - Neutral,3 - Neutral,3 - Neutral,I don't know,I don't know,No risk
Yes,1 to 3 years,15+ hours,"X (Twitter), YouTube, Financial News Websites (Bloomberg, Reuters)",3 - Neutral,5 - Strongly Agree,4 - Agree,1 - Strongly Disagree,5 - Strongly Agree,4 - Agree,5 - Strongly Agree,4 - Agree,5 - Strongly Agree,2 - Disagree,3 - Neutral,4 - Agree,2 - Disagree,Less than today,FALSE,High risk
Yes,,Less than 1 hour,YouTube,3 - Neutral,3 - Neutral,4 - Agree,4 - Agree,4 - Agree,4 - Agree,3 - Neutral,4 - Agree,4 - Agree,2 - Disagree,3 - Neutral,3 - Neutral,3 - Neutral,More than today,TRUE,High risk
Yes,1 to 3 years,1–3 hours,"X (Twitter), YouTube, Instagram / TikTok",2 - Disagree,4 - Agree,4 - Agree,3 - Neutral,4 - Agree,4 - Agree,3 - Neutral,4 - Agree,4 - Agree,1 - Strongly Disagree,1 - Strongly Disagree,1 - Strongly Disagree,5 - Strongly Agree,Less than today,TRUE,Low risk
No,1 to 3 years,,,,,,,,,,,,,,,,,,
Yes,,Less than 1 hour,"X (Twitter), Financial News Websites (Bloomberg, Reuters, Business Recorder)",4 - Agree,5 - Strongly Agree,2 - Disagree,3 - Neutral,5 - Strongly Agree,1 - Strongly Disagree,5 - Strongly Agree,5 - Strongly Agree,5 - Strongly Agree,4 - Agree,5 - Strongly Agree,2 - Disagree,5 - Strongly Agree,I don't know,I don't know,I don't know
No,1 to 3 years,,,,,,,,,,,,,,,,,,
Yes,More than 5 years,1–3 hours,"YouTube, Instagram / TikTok, Financial News Websites (Bloomberg, Reuters, Business Recorder)",4 - Agree,4 - Agree,1 - Strongly Disagree,3 - Neutral,5 - Strongly Agree,1 - Strongly Disagree,3 - Neutral,4 - Agree,1 - Strongly Disagree,3 - Neutral,3 - Neutral,1 - Strongly Disagree,1 - Strongly Disagree,Less than today,FALSE,High risk
Yes,1 to 3 years,15+ hours,"Financial News Websites (Bloomberg, Reuters, Business Recorder)",5 - Strongly Agree,5 - Strongly Agree,5 - Strongly Agree,5 - Strongly Agree,5 - Strongly Agree,5 - Strongly Agree,5 - Strongly Agree,5 - Strongly Agree,5 - Strongly Agree,3 - Neutral,3 - Neutral,3 - Neutral,3 - Neutral,I don't know,I don't know,No risk
Yes,1 to 3 years,15+ hours,"X (Twitter), YouTube, Financial News Websites (Bloomberg, Reuters)",3 - Neutral,5 - Strongly Agree,4 - Agree,1 - Strongly Disagree,5 - Strongly Agree,4 - Agree,5 - Strongly Agree,4 - Agree,5 - Strongly Agree,2 - Disagree,3 - Neutral,4 - Agree,2 - Disagree,Less than today,FALSE,High risk
Yes,,1–3 hours,"X (Twitter), YouTube, Instagram / TikTok",2 - Disagree,1 - Strongly Disagree,4 - Agree,2 - Disagree,4 - Agree,1 - Strongly Disagree,2 - Disagree,2 - Disagree,4 - Agree,2 - Disagree,3 - Neutral,1 - Strongly Disagree,1 - Strongly Disagree,Less than today,,
Yes,3 to 5 years,1–3 hours,"X (Twitter), Instagram / TikTok",3 - Neutral,3 - Neutral,2 - Disagree,2 - Disagree,3 - Neutral,3 - Neutral,1 - Strongly Disagree,3 - Neutral,3 - Neutral,1 - Strongly Disagree,3 - Neutral,1 - Strongly Disagree,1 - Strongly Disagree,Less than today,FALSE,High risk
Yes,,,"Instagram / TikTok, Financial News Websites (Bloomberg, Reuters)",3 - Neutral,2 - Disagree,3 - Neutral,4 - Agree,4 - Agree,3 - Neutral,2 - Disagree,3 - Neutral,3 - Neutral,4 - Agree,1 - Strongly Disagree,2 - Disagree,3 - Neutral,Less than today,,High risk
Yes,,,"Instagram / TikTok, Financial News Websites (Bloomberg, Reuters)",3 - Neutral,3 - Neutral,2 - Disagree,3 - Neutral,3 - Neutral,3 - Neutral,3 - Neutral,3 - Neutral,3 - Neutral,3 - Neutral,3 - Neutral,3 - Neutral,3 - Neutral,Less than today,FALSE,
Yes,,Less than 1 hour,YouTube,3 - Neutral,3 - Neutral,4 - Agree,4 - Agree,4 - Agree,4 - Agree,3 - Neutral,4 - Agree,4 - Agree,2 - Disagree,3 - Neutral,3 - Neutral,3 - Neutral,More than today,TRUE,High risk
Yes,1 to 3 years,4–7 hours,"X (Twitter), Reddit (e.g., r/wallstreetbets), Financial News Websites (Bloomberg, Reuters, Business Recorder)",3 - Neutral,2 - Disagree,4 - Agree,2 - Disagree,4 - Agree,4 - Agree,1 - Strongly Disagree,2 - Disagree,3 - Neutral,1 - Strongly Disagree,3 - Neutral,4 - Agree,4 - Agree,Less than today,FALSE,High risk
Yes,1 to 3 years,1–3 hours,"X (Twitter), Reddit (e.g., r/wallstreetbets), Financial News Websites (Bloomberg, Reuters, Business Recorder)",3 - Neutral,4 - Agree,3 - Neutral,4 - Agree,4 - Agree,5 - Strongly Agree,2 - Disagree,3 - Neutral,4 - Agree,4 - Agree,5 - Strongly Agree,3 - Neutral,4 - Agree,Less than today,FALSE,High risk
No,1 to 3 years,,,,,,,,,,,,,,,,,,
Yes,3 to 5 years,8–14 hours,"X (Twitter), Financial News Websites (Bloomberg, Reuters, Business Recorder)",1 - Strongly Disagree,1 - Strongly Disagree,1 - Strongly Disagree,1 - Strongly Disagree,1 - Strongly Disagree,1 - Strongly Disagree,1 - Strongly Disagree,1 - Strongly Disagree,1 - Strongly Disagree,1 - Strongly Disagree,1 - Strongly Disagree,1 - Strongly Disagree,1 - Strongly Disagree,Less than today,FALSE,High risk
Yes,1 to 3 years,1–3 hours,"Financial News Websites (Bloomberg, Reuters, Business Recorder)",2 - Disagree,1 - Strongly Disagree,4 - Agree,1 - Strongly Disagree,3 - Neutral,4 - Agree,4 - Agree,1 - Strongly Disagree,2 - Disagree,2 - Disagree,3 - Neutral,2 - Disagree,2 - Disagree,More than today,FALSE,High risk
Yes,1 to 3 years,1–3 hours,"Reddit (e.g., r/wallstreetbets), Instagram / TikTok, Financial News Websites (Bloomberg, Reuters, Business Recorder)",3 - Neutral,3 - Neutral,4 - Agree,4 - Agree,4 - Agree,3 - Neutral,4 - Agree,3 - Neutral,3 - Neutral,4 - Agree,4 - Agree,3 - Neutral,4 - Agree,Exactly the same,TRUE,High risk
No,1 to 3 years,,,,,,,,,,,,,,,,,,
Yes,More than 5 years,1–3 hours,"YouTube, Instagram / TikTok, Financial News Websites (Bloomberg, Reuters, Business Recorder)",4 - Agree,4 - Agree,1 - Strongly Disagree,3 - Neutral,5 - Strongly Agree,1 - Strongly Disagree,3 - Neutral,4 - Agree,1 - Strongly Disagree,3 - Neutral,3 - Neutral,1 - Strongly Disagree,1 - Strongly Disagree,Less than today,FALSE,High risk
Yes,1 to 3 years,15+ hours,"X (Twitter), YouTube, Financial News Websites (Bloomberg, Reuters)",3 - Neutral,5 - Strongly Agree,4 - Agree,1 - Strongly Disagree,5 - Strongly Agree,4 - Agree,5 - Strongly Agree,4 - Agree,5 - Strongly Agree,2 - Disagree,3 - Neutral,4 - Agree,2 - Disagree,Less than today,FALSE,High risk
Yes,,1–3 hours,"X (Twitter), YouTube, Instagram / TikTok",2 - Disagree,1 - Strongly Disagree,4 - Agree,2 - Disagree,4 - Agree,1 - Strongly Disagree,2 - Disagree,2 - Disagree,4 - Agree,2 - Disagree,3 - Neutral,1 - Strongly Disagree,1 - Strongly Disagree,Less than today,,
Yes,3 to 5 years,1–3 hours,"X (Twitter), Instagram / TikTok",3 - Neutral,3 - Neutral,2 - Disagree,2 - Disagree,3 - Neutral,3 - Neutral,1 - Strongly Disagree,3 - Neutral,3 - Neutral,1 - Strongly Disagree,3 - Neutral,1 - Strongly Disagree,1 - Strongly Disagree,Less than today,FALSE,High risk
Yes,,,"Instagram / TikTok, Financial News Websites (Bloomberg, Reuters)",3 - Neutral,2 - Disagree,3 - Neutral,4 - Agree,4 - Agree,3 - Neutral,2 - Disagree,3 - Neutral,3 - Neutral,4 - Agree,1 - Strongly Disagree,2 - Disagree,3 - Neutral,Less than today,,High risk
Yes,,,"Instagram / TikTok, Financial News Websites (Bloomberg, Reuters)",3 - Neutral,3 - Neutral,2 - Disagree,3 - Neutral,3 - Neutral,3 - Neutral,3 - Neutral,3 - Neutral,3 - Neutral,3 - Neutral,3 - Neutral,3 - Neutral,3 - Neutral,Less than today,FALSE,
Yes,1 to 3 years,4–7 hours,"X (Twitter), Reddit (e.g., r/wallstreetbets), Financial News Websites (Bloomberg, Reuters, Business Recorder)",3 - Neutral,2 - Disagree,4 - Agree,2 - Disagree,4 - Agree,4 - Agree,1 - Strongly Disagree,2 - Disagree,3 - Neutral,1 - Strongly Disagree,3 - Neutral,4 - Agree,4 - Agree,Less than today,FALSE,High risk
Yes,1 to 3 years,1–3 hours,"X (Twitter), Reddit (e.g., r/wallstreetbets), Financial News Websites (Bloomberg, Reuters, Business Recorder)",3 - Neutral,4 - Agree,3 - Neutral,4 - Agree,4 - Agree,5 - Strongly Agree,2 - Disagree,3 - Neutral,4 - Agree,4 - Agree,5 - Strongly Agree,3 - Neutral,4 - Agree,Less than today,FALSE,High risk
No,1 to 3 years,,,,,,,,,,,,,,,,,,
Yes,3 to 5 years,8–14 hours,"X (Twitter), Financial News Websites (Bloomberg, Reuters, Business Recorder)",1 - Strongly Disagree,1 - Strongly Disagree,1 - Strongly Disagree,1 - Strongly Disagree,1 - Strongly Disagree,1 - Strongly Disagree,1 - Strongly Disagree,1 - Strongly Disagree,1 - Strongly Disagree,1 - Strongly Disagree,1 - Strongly Disagree,1 - Strongly Disagree,1 - Strongly Disagree,Less than today,FALSE,High risk
No,1 to 3 years,,,,,,,,,,,,,,,,,,
Yes,More than 5 years,1–3 hours,"YouTube, Instagram / TikTok, Financial News Websites (Bloomberg, Reuters, Business Recorder)",4 - Agree,4 - Agree,1 - Strongly Disagree,3 - Neutral,5 - Strongly Agree,1 - Strongly Disagree,3 - Neutral,4 - Agree,1 - Strongly Disagree,3 - Neutral,3 - Neutral,1 - Strongly Disagree,1 - Strongly Disagree,Less than today,FALSE,High risk
Yes,1 to 3 years,15+ hours,"X (Twitter), YouTube, Financial News Websites (Bloomberg, Reuters)",3 - Neutral,5 - Strongly Agree,4 - Agree,1 - Strongly Disagree,5 - Strongly Agree,4 - Agree,5 - Strongly Agree,4 - Agree,5 - Strongly Agree,2 - Disagree,3 - Neutral,4 - Agree,2 - Disagree,Less than today,FALSE,High risk
Yes,,1–3 hours,"X (Twitter), YouTube, Instagram / TikTok",2 - Disagree,1 - Strongly Disagree,4 - Agree,2 - Disagree,4 - Agree,1 - Strongly Disagree,2 - Disagree,2 - Disagree,4 - Agree,2 - Disagree,3 - Neutral,1 - Strongly Disagree,1 - Strongly Disagree,Less than today,,
Yes,3 to 5 years,1–3 hours,"X (Twitter), Instagram / TikTok",3 - Neutral,3 - Neutral,2 - Disagree,2 - Disagree,3 - Neutral,3 - Neutral,1 - Strongly Disagree,3 - Neutral,3 - Neutral,1 - Strongly Disagree,3 - Neutral,1 - Strongly Disagree,1 - Strongly Disagree,Less than today,FALSE,High risk
Yes,,,"Instagram / TikTok, Financial News Websites (Bloomberg, Reuters)",3 - Neutral,2 - Disagree,3 - Neutral,4 - Agree,4 - Agree,3 - Neutral,2 - Disagree,3 - Neutral,3 - Neutral,4 - Agree,1 - Strongly Disagree,2 - Disagree,3 - Neutral,Less than today,,High risk
Yes,,,"Instagram / TikTok, Financial News Websites (Bloomberg, Reuters)",3 - Neutral,3 - Neutral,2 - Disagree,3 - Neutral,3 - Neutral,3 - Neutral,3 - Neutral,3 - Neutral,3 - Neutral,3 - Neutral,3 - Neutral,3 - Neutral,3 - Neutral,Less than today,FALSE,
Yes,1 to 3 years,4–7 hours,"X (Twitter), Reddit (e.g., r/wallstreetbets), Financial News Websites (Bloomberg, Reuters, Business Recorder)",3 - Neutral,2 - Disagree,4 - Agree,2 - Disagree,4 - Agree,4 - Agree,1 - Strongly Disagree,2 - Disagree,3 - Neutral,1 - Strongly Disagree,3 - Neutral,4 - Agree,4 - Agree,Less than today,FALSE,High risk
Yes,1 to 3 years,1–3 hours,"X (Twitter), Reddit (e.g., r/wallstreetbets), Financial News Websites (Bloomberg, Reuters, Business Recorder)",3 - Neutral,4 - Agree,3 - Neutral,4 - Agree,4 - Agree,5 - Strongly Agree,2 - Disagree,3 - Neutral,4 - Agree,4 - Agree,5 - Strongly Agree,3 - Neutral,4 - Agree,Less than today,FALSE,High risk
No,1 to 3 years,,,,,,,,,,,,,,,,,,
Yes,3 to 5 years,8–14 hours,"X (Twitter), Financial News Websites (Bloomberg, Reuters, Business Recorder)",1 - Strongly Disagree,1 - Strongly Disagree,1 - Strongly Disagree,1 - Strongly Disagree,1 - Strongly Disagree,1 - Strongly Disagree,1 - Strongly Disagree,1 - Strongly Disagree,1 - Strongly Disagree,1 - Strongly Disagree,1 - Strongly Disagree,1 - Strongly Disagree,1 - Strongly Disagree,Less than today,FALSE,High risk
No,1 to 3 years,,,,,,,,,,,,,,,,,,
Yes,More than 5 years,1–3 hours,"YouTube, Instagram / TikTok, Financial News Websites (Bloomberg, Reuters, Business Recorder)",4 - Agree,4 - Agree,1 - Strongly Disagree,3 - Neutral,5 - Strongly Agree,1 - Strongly Disagree,3 - Neutral,4 - Agree,1 - Strongly Disagree,3 - Neutral,3 - Neutral,1 - Strongly Disagree,1 - Strongly Disagree,Less than today,FALSE,High risk
Yes,1 to 3 years,15+ hours,"Financial News Websites (Bloomberg, Reuters, Business Recorder)",5 - Strongly Agree,5 - Strongly Agree,5 - Strongly Agree,5 - Strongly Agree,5 - Strongly Agree,5 - Strongly Agree,5 - Strongly Agree,5 - Strongly Agree,5 - Strongly Agree,3 - Neutral,3 - Neutral,3 - Neutral,3 - Neutral,I don't know,I don't know,No risk
Yes,1 to 3 years,15+ hours,"X (Twitter), YouTube, Financial News Websites (Bloomberg, Reuters)",3 - Neutral,5 - Strongly Agree,4 - Agree,1 - Strongly Disagree,5 - Strongly Agree,4 - Agree,5 - Strongly Agree,4 - Agree,5 - Strongly Agree,2 - Disagree,3 - Neutral,4 - Agree,2 - Disagree,Less than today,FALSE,High risk
Yes,,1–3 hours,"X (Twitter), YouTube, Instagram / TikTok",2 - Disagree,1 - Strongly Disagree,4 - Agree,2 - Disagree,4 - Agree,1 - Strongly Disagree,2 - Disagree,2 - Disagree,4 - Agree,2 - Disagree,3 - Neutral,1 - Strongly Disagree,1 - Strongly Disagree,Less than today,,
Yes,3 to 5 years,1–3 hours,"X (Twitter), Instagram / TikTok",3 - Neutral,3 - Neutral,2 - Disagree,2 - Disagree,3 - Neutral,3 - Neutral,1 - Strongly Disagree,3 - Neutral,3 - Neutral,1 - Strongly Disagree,3 - Neutral,1 - Strongly Disagree,1 - Strongly Disagree,Less than today,FALSE,High risk
Yes,,,"Instagram / TikTok, Financial News Websites (Bloomberg, Reuters)",3 - Neutral,2 - Disagree,3 - Neutral,4 - Agree,4 - Agree,3 - Neutral,2 - Disagree,3 - Neutral,3 - Neutral,4 - Agree,1 - Strongly Disagree,2 - Disagree,3 - Neutral,Less than today,,High risk
Yes,,,"Instagram / TikTok, Financial News Websites (Bloomberg, Reuters)",3 - Neutral,3 - Neutral,2 - Disagree,3 - Neutral,3 - Neutral,3 - Neutral,3 - Neutral,3 - Neutral,3 - Neutral,3 - Neutral,3 - Neutral,3 - Neutral,3 - Neutral,Less than today,FALSE,
Yes,,Less than 1 hour,YouTube,3 - Neutral,3 - Neutral,4 - Agree,4 - Agree,4 - Agree,4 - Agree,3 - Neutral,4 - Agree,4 - Agree,2 - Disagree,3 - Neutral,3 - Neutral,3 - Neutral,More than today,TRUE,High risk
Yes,1 to 3 years,1–3 hours,"X (Twitter), YouTube, Instagram / TikTok",2 - Disagree,4 - Agree,4 - Agree,3 - Neutral,4 - Agree,4 - Agree,3 - Neutral,4 - Agree,4 - Agree,1 - Strongly Disagree,1 - Strongly Disagree,1 - Strongly Disagree,5 - Strongly Agree,Less than today,TRUE,Low risk
Yes,1 to 3 years,Less than 1 hour,X (Twitter),1 - Strongly Disagree,2 - Disagree,1 - Strongly Disagree,3 - Neutral,3 - Neutral,2 - Disagree,4 - Agree,2 - Disagree,3 - Neutral,2 - Disagree,1 - Strongly Disagree,3 - Neutral,3 - Neutral,Exactly the same,TRUE,No risk
Yes,,4–7 hours,"X (Twitter), Reddit (e.g., r/wallstreetbets), Financial News Websites (Bloomberg, Reuters, Business Recorder)",3 - Neutral,4 - Agree,5 - Strongly Agree,5 - Strongly Agree,3 - Neutral,5 - Strongly Agree,4 - Agree,3 - Neutral,3 - Neutral,3 - Neutral,4 - Agree,4 - Agree,3 - Neutral,I don't know,,Low risk
Yes,,1–3 hours,"Reddit (e.g., r/wallstreetbets)",2 - Disagree,1 - Strongly Disagree,3 - Neutral,1 - Strongly Disagree,4 - Agree,3 - Neutral,1 - Strongly Disagree,2 - Disagree,2 - Disagree,2 - Disagree,2 - Disagree,1 - Strongly Disagree,2 - Disagree,Exactly the same,FALSE,No risk
Yes,1 to 3 years,4–7 hours,"X (Twitter), Reddit (e.g., r/wallstreetbets), Financial News Websites (Bloomberg, Reuters, Business Recorder)",3 - Neutral,2 - Disagree,4 - Agree,2 - Disagree,4 - Agree,4 - Agree,1 - Strongly Disagree,2 - Disagree,3 - Neutral,1 - Strongly Disagree,3 - Neutral,4 - Agree,4 - Agree,Less than today,FALSE,High risk
Yes,3 to 5 years,4–7 hours,"Reddit (e.g., r/wallstreetbets)",2 - Disagree,3 - Neutral,5 - Strongly Agree,3 - Neutral,2 - Disagree,5 - Strongly Agree,1 - Strongly Disagree,3 - Neutral,3 - Neutral,3 - Neutral,3 - Neutral,3 - Neutral,3 - Neutral,I don't know,TRUE,Low risk
Yes,1 to 3 years,1–3 hours,"X (Twitter), Reddit (e.g., r/wallstreetbets), Financial News Websites (Bloomberg, Reuters, Business Recorder)",3 - Neutral,4 - Agree,3 - Neutral,4 - Agree,4 - Agree,5 - Strongly Agree,2 - Disagree,3 - Neutral,4 - Agree,4 - Agree,5 - Strongly Agree,3 - Neutral,4 - Agree,Less than today,FALSE,High risk
No,1 to 3 years,,,,,,,,,,,,,,,,,,
Yes,3 to 5 years,8–14 hours,"X (Twitter), Financial News Websites (Bloomberg, Reuters, Business Recorder)",1 - Strongly Disagree,1 - Strongly Disagree,1 - Strongly Disagree,1 - Strongly Disagree,1 - Strongly Disagree,1 - Strongly Disagree,1 - Strongly Disagree,1 - Strongly Disagree,1 - Strongly Disagree,1 - Strongly Disagree,1 - Strongly Disagree,1 - Strongly Disagree,1 - Strongly Disagree,Less than today,FALSE,High risk
Yes,,Less than 1 hour,"X (Twitter), Financial News Websites (Bloomberg, Reuters, Business Recorder)",4 - Agree,5 - Strongly Agree,2 - Disagree,3 - Neutral,5 - Strongly Agree,1 - Strongly Disagree,5 - Strongly Agree,5 - Strongly Agree,5 - Strongly Agree,4 - Agree,5 - Strongly Agree,2 - Disagree,5 - Strongly Agree,I don't know,I don't know,I don't know
Yes,1 to 3 years,1–3 hours,"Financial News Websites (Bloomberg, Reuters, Business Recorder)",2 - Disagree,1 - Strongly Disagree,4 - Agree,1 - Strongly Disagree,3 - Neutral,4 - Agree,4 - Agree,1 - Strongly Disagree,2 - Disagree,2 - Disagree,3 - Neutral,2 - Disagree,2 - Disagree,More than today,FALSE,High risk
Yes,1 to 3 years,1–3 hours,"Reddit (e.g., r/wallstreetbets), Instagram / TikTok, Financial News Websites (Bloomberg, Reuters, Business Recorder)",3 - Neutral,3 - Neutral,4 - Agree,4 - Agree,4 - Agree,3 - Neutral,4 - Agree,3 - Neutral,3 - Neutral,4 - Agree,4 - Agree,3 - Neutral,4 - Agree,Exactly the same,TRUE,High risk
No,1 to 3 years,,,,,,,,,,,,,,,,,,
Yes,More than 5 years,1–3 hours,"YouTube, Instagram / TikTok, Financial News Websites (Bloomberg, Reuters, Business Recorder)",4 - Agree,4 - Agree,1 - Strongly Disagree,3 - Neutral,5 - Strongly Agree,1 - Strongly Disagree,3 - Neutral,4 - Agree,1 - Strongly Disagree,3 - Neutral,3 - Neutral,1 - Strongly Disagree,1 - Strongly Disagree,Less than today,FALSE,High risk
Yes,3 to 5 years,15+ hours,"Financial News Websites (Bloomberg, Reuters, Business Recorder)",3 - Neutral,1 - Strongly Disagree,3 - Neutral,3 - Neutral,5 - Strongly Agree,5 - Strongly Agree,5 - Strongly Agree,1 - Strongly Disagree,3 - Neutral,2 - Disagree,1 - Strongly Disagree,1 - Strongly Disagree,3 - Neutral,I don't know,FALSE,Low risk
Yes,1 to 3 years,15+ hours,"Financial News Websites (Bloomberg, Reuters, Business Recorder)",5 - Strongly Agree,5 - Strongly Agree,5 - Strongly Agree,5 - Strongly Agree,5 - Strongly Agree,5 - Strongly Agree,5 - Strongly Agree,5 - Strongly Agree,5 - Strongly Agree,3 - Neutral,3 - Neutral,3 - Neutral,3 - Neutral,I don't know,I don't know,No risk
Yes,1 to 3 years,15+ hours,"X (Twitter), YouTube, Financial News Websites (Bloomberg, Reuters)",3 - Neutral,5 - Strongly Agree,4 - Agree,1 - Strongly Disagree,5 - Strongly Agree,4 - Agree,5 - Strongly Agree,4 - Agree,5 - Strongly Agree,2 - Disagree,3 - Neutral,4 - Agree,2 - Disagree,Less than today,FALSE,High risk
Yes,,1–3 hours,"X (Twitter), YouTube, Instagram / TikTok",2 - Disagree,1 - Strongly Disagree,4 - Agree,2 - Disagree,4 - Agree,1 - Strongly Disagree,2 - Disagree,2 - Disagree,4 - Agree,2 - Disagree,3 - Neutral,1 - Strongly Disagree,1 - Strongly Disagree,Less than today,,
Yes,,,"Instagram / TikTok, Financial News Websites (Bloomberg, Reuters)",3 - Neutral,2 - Disagree,3 - Neutral,4 - Agree,4 - Agree,3 - Neutral,2 - Disagree,3 - Neutral,3 - Neutral,4 - Agree,1 - Strongly Disagree,2 - Disagree,3 - Neutral,Less than today,,High risk
Yes,,,"Instagram / TikTok, Financial News Websites (Bloomberg, Reuters)",3 - Neutral,3 - Neutral,2 - Disagree,3 - Neutral,3 - Neutral,3 - Neutral,3 - Neutral,3 - Neutral,3 - Neutral,3 - Neutral,3 - Neutral,3 - Neutral,3 - Neutral,Less than today,FALSE,
Yes,,Less than 1 hour,YouTube,3 - Neutral,3 - Neutral,4 - Agree,4 - Agree,4 - Agree,4 - Agree,3 - Neutral,4 - Agree,4 - Agree,2 - Disagree,3 - Neutral,3 - Neutral,3 - Neutral,More than today,TRUE,High risk
Yes,1 to 3 years,1–3 hours,"X (Twitter), YouTube, Instagram / TikTok",2 - Disagree,4 - Agree,4 - Agree,3 - Neutral,4 - Agree,4 - Agree,3 - Neutral,4 - Agree,4 - Agree,1 - Strongly Disagree,1 - Strongly Disagree,1 - Strongly Disagree,5 - Strongly Agree,Less than today,TRUE,Low risk
Yes,,4–7 hours,"X (Twitter), Reddit (e.g., r/wallstreetbets), Financial News Websites (Bloomberg, Reuters, Business Recorder)",3 - Neutral,4 - Agree,5 - Strongly Agree,5 - Strongly Agree,3 - Neutral,5 - Strongly Agree,4 - Agree,3 - Neutral,3 - Neutral,3 - Neutral,4 - Agree,4 - Agree,3 - Neutral,I don't know,,Low risk
Yes,1 to 3 years,4–7 hours,"X (Twitter), Reddit (e.g., r/wallstreetbets), Financial News Websites (Bloomberg, Reuters, Business Recorder)",3 - Neutral,2 - Disagree,4 - Agree,2 - Disagree,4 - Agree,4 - Agree,1 - Strongly Disagree,2 - Disagree,3 - Neutral,1 - Strongly Disagree,3 - Neutral,4 - Agree,4 - Agree,Less than today,FALSE,High risk
Yes,1 to 3 years,1–3 hours,"X (Twitter), Reddit (e.g., r/wallstreetbets), Financial News Websites (Bloomberg, Reuters, Business Recorder)",3 - Neutral,4 - Agree,3 - Neutral,4 - Agree,4 - Agree,5 - Strongly Agree,2 - Disagree,3 - Neutral,4 - Agree,4 - Agree,5 - Strongly Agree,3 - Neutral,4 - Agree,Less than today,FALSE,High risk
No,1 to 3 years,,,,,,,,,,,,,,,,,,
Yes,1 to 3 years,1–3 hours,"Reddit (e.g., r/wallstreetbets), Instagram / TikTok, Financial News Websites (Bloomberg, Reuters, Business Recorder)",3 - Neutral,3 - Neutral,4 - Agree,4 - Agree,4 - Agree,3 - Neutral,4 - Agree,3 - Neutral,3 - Neutral,4 - Agree,4 - Agree,3 - Neutral,4 - Agree,Exactly the same,TRUE,High risk
No,1 to 3 years,,,,,,,,,,,,,,,,,,
Yes,More than 5 years,1–3 hours,"YouTube, Instagram / TikTok, Financial News Websites (Bloomberg, Reuters, Business Recorder)",4 - Agree,4 - Agree,1 - Strongly Disagree,3 - Neutral,5 - Strongly Agree,1 - Strongly Disagree,3 - Neutral,4 - Agree,1 - Strongly Disagree,3 - Neutral,3 - Neutral,1 - Strongly Disagree,1 - Strongly Disagree,Less than today,FALSE,High risk
No,1 to 3 years,,,,,,,,,,,,,,,,,,
Yes,,Less than 1 hour,"X (Twitter), Financial News Websites (Bloomberg, Reuters, Business Recorder)",4 - Agree,5 - Strongly Agree,2 - Disagree,3 - Neutral,5 - Strongly Agree,1 - Strongly Disagree,5 - Strongly Agree,5 - Strongly Agree,5 - Strongly Agree,4 - Agree,5 - Strongly Agree,2 - Disagree,5 - Strongly Agree,I don't know,I don't know,I don't know
No,1 to 3 years,,,,,,,,,,,,,,,,,,
Yes,More than 5 years,1–3 hours,"YouTube, Instagram / TikTok, Financial News Websites (Bloomberg, Reuters, Business Recorder)",4 - Agree,4 - Agree,1 - Strongly Disagree,3 - Neutral,5 - Strongly Agree,1 - Strongly Disagree,3 - Neutral,4 - Agree,1 - Strongly Disagree,3 - Neutral,3 - Neutral,1 - Strongly Disagree,1 - Strongly Disagree,Less than today,FALSE,High risk
Yes,1 to 3 years,15+ hours,"Financial News Websites (Bloomberg, Reuters, Business Recorder)",5 - Strongly Agree,5 - Strongly Agree,5 - Strongly Agree,5 - Strongly Agree,5 - Strongly Agree,5 - Strongly Agree,5 - Strongly Agree,5 - Strongly Agree,5 - Strongly Agree,3 - Neutral,3 - Neutral,3 - Neutral,3 - Neutral,I don't know,I don't know,No risk
Yes,,,"Instagram / TikTok, Financial News Websites (Bloomberg, Reuters)",3 - Neutral,2 - Disagree,3 - Neutral,4 - Agree,4 - Agree,3 - Neutral,2 - Disagree,3 - Neutral,3 - Neutral,4 - Agree,1 - Strongly Disagree,2 - Disagree,3 - Neutral,Less than today,,High risk
Yes,,Less than 1 hour,YouTube,3 - Neutral,3 - Neutral,4 - Agree,4 - Agree,4 - Agree,4 - Agree,3 - Neutral,4 - Agree,4 - Agree,2 - Disagree,3 - Neutral,3 - Neutral,3 - Neutral,More than today,TRUE,High risk
Yes,,4–7 hours,"X (Twitter), Reddit (e.g., r/wallstreetbets), Financial News Websites (Bloomberg, Reuters, Business Recorder)",3 - Neutral,4 - Agree,5 - Strongly Agree,5 - Strongly Agree,3 - Neutral,5 - Strongly Agree,4 - Agree,3 - Neutral,3 - Neutral,3 - Neutral,4 - Agree,4 - Agree,3 - Neutral,I don't know,,Low risk
Yes,1 to 3 years,1–3 hours,"X (Twitter), Reddit (e.g., r/wallstreetbets), Financial News Websites (Bloomberg, Reuters, Business Recorder)",3 - Neutral,4 - Agree,3 - Neutral,4 - Agree,4 - Agree,5 - Strongly Agree,2 - Disagree,3 - Neutral,4 - Agree,4 - Agree,5 - Strongly Agree,3 - Neutral,4 - Agree,Less than today,FALSE,High risk
No,1 to 3 years,,,,,,,,,,,,,,,,,,
Yes,1 to 3 years,1–3 hours,"Reddit (e.g., r/wallstreetbets), Instagram / TikTok, Financial News Websites (Bloomberg, Reuters, Business Recorder)",3 - Neutral,3 - Neutral,4 - Agree,4 - Agree,4 - Agree,3 - Neutral,4 - Agree,3 - Neutral,3 - Neutral,4 - Agree,4 - Agree,3 - Neutral,4 - Agree,Exactly the same,TRUE,High risk
No,1 to 3 years,,,,,,,,,,,,,,,,,,
Yes,1 to 3 years,15+ hours,"Financial News Websites (Bloomberg, Reuters, Business Recorder)",5 - Strongly Agree,5 - Strongly Agree,5 - Strongly Agree,5 - Strongly Agree,5 - Strongly Agree,5 - Strongly Agree,5 - Strongly Agree,5 - Strongly Agree,5 - Strongly Agree,3 - Neutral,3 - Neutral,3 - Neutral,3 - Neutral,I don't know,I don't know,No risk
Yes,1 to 3 years,15+ hours,"X (Twitter), YouTube, Financial News Websites (Bloomberg, Reuters)",3 - Neutral,5 - Strongly Agree,4 - Agree,1 - Strongly Disagree,5 - Strongly Agree,4 - Agree,5 - Strongly Agree,4 - Agree,5 - Strongly Agree,2 - Disagree,3 - Neutral,4 - Agree,2 - Disagree,Less than today,FALSE,High risk
Yes,1 to 3 years,1–3 hours,"X (Twitter), YouTube, Instagram / TikTok",2 - Disagree,4 - Agree,4 - Agree,3 - Neutral,4 - Agree,4 - Agree,3 - Neutral,4 - Agree,4 - Agree,1 - Strongly Disagree,1 - Strongly Disagree,1 - Strongly Disagree,5 - Strongly Agree,Less than today,TRUE,Low risk
Yes,,4–7 hours,"X (Twitter), Reddit (e.g., r/wallstreetbets), Financial News Websites (Bloomberg, Reuters, Business Recorder)",3 - Neutral,4 - Agree,5 - Strongly Agree,5 - Strongly Agree,3 - Neutral,5 - Strongly Agree,4 - Agree,3 - Neutral,3 - Neutral,3 - Neutral,4 - Agree,4 - Agree,3 - Neutral,I don't know,,Low risk
Yes,1 to 3 years,1–3 hours,"X (Twitter), Reddit (e.g., r/wallstreetbets), Financial News Websites (Bloomberg, Reuters, Business Recorder)",3 - Neutral,4 - Agree,3 - Neutral,4 - Agree,4 - Agree,5 - Strongly Agree,2 - Disagree,3 - Neutral,4 - Agree,4 - Agree,5 - Strongly Agree,3 - Neutral,4 - Agree,Less than today,FALSE,High risk
No,1 to 3 years,,,,,,,,,,,,,,,,,,
Yes,,Less than 1 hour,"X (Twitter), Financial News Websites (Bloomberg, Reuters, Business Recorder)",4 - Agree,5 - Strongly Agree,2 - Disagree,3 - Neutral,5 - Strongly Agree,1 - Strongly Disagree,5 - Strongly Agree,5 - Strongly Agree,5 - Strongly Agree,4 - Agree,5 - Strongly Agree,2 - Disagree,5 - Strongly Agree,I don't know,I don't know,I don't know
No,1 to 3 years,,,,,,,,,,,,,,,,,,
Yes,More than 5 years,1–3 hours,"YouTube, Instagram / TikTok, Financial News Websites (Bloomberg, Reuters, Business Recorder)",4 - Agree,4 - Agree,1 - Strongly Disagree,3 - Neutral,5 - Strongly Agree,1 - Strongly Disagree,3 - Neutral,4 - Agree,1 - Strongly Disagree,3 - Neutral,3 - Neutral,1 - Strongly Disagree,1 - Strongly Disagree,Less than today,FALSE,High risk
Yes,1 to 3 years,15+ hours,"Financial News Websites (Bloomberg, Reuters, Business Recorder)",5 - Strongly Agree,5 - Strongly Agree,5 - Strongly Agree,5 - Strongly Agree,5 - Strongly Agree,5 - Strongly Agree,5 - Strongly Agree,5 - Strongly Agree,5 - Strongly Agree,3 - Neutral,3 - Neutral,3 - Neutral,3 - Neutral,I don't know,I don't know,No risk
Yes,1 to 3 years,15+ hours,"X (Twitter), YouTube, Financial News Websites (Bloomberg, Reuters)",3 - Neutral,5 - Strongly Agree,4 - Agree,1 - Strongly Disagree,5 - Strongly Agree,4 - Agree,5 - Strongly Agree,4 - Agree,5 - Strongly Agree,2 - Disagree,3 - Neutral,4 - Agree,2 - Disagree,Less than today,FALSE,High risk
Yes,,Less than 1 hour,YouTube,3 - Neutral,3 - Neutral,4 - Agree,4 - Agree,4 - Agree,4 - Agree,3 - Neutral,4 - Agree,4 - Agree,2 - Disagree,3 - Neutral,3 - Neutral,3 - Neutral,More than today,TRUE,High risk
Yes,1 to 3 years,1–3 hours,"X (Twitter), YouTube, Instagram / TikTok",2 - Disagree,4 - Agree,4 - Agree,3 - Neutral,4 - Agree,4 - Agree,3 - Neutral,4 - Agree,4 - Agree,1 - Strongly Disagree,1 - Strongly Disagree,1 - Strongly Disagree,5 - Strongly Agree,Less than today,TRUE,Low risk
No,1 to 3 years,,,,,,,,,,,,,,,,,,
Yes,,Less than 1 hour,"X (Twitter), Financial News Websites (Bloomberg, Reuters, Business Recorder)",4 - Agree,5 - Strongly Agree,2 - Disagree,3 - Neutral,5 - Strongly Agree,1 - Strongly Disagree,5 - Strongly Agree,5 - Strongly Agree,5 - Strongly Agree,4 - Agree,5 - Strongly Agree,2 - Disagree,5 - Strongly Agree,I don't know,I don't know,I don't know
No,1 to 3 years,,,,,,,,,,,,,,,,,,
Yes,More than 5 years,1–3 hours,"YouTube, Instagram / TikTok, Financial News Websites (Bloomberg, Reuters, Business Recorder)",4 - Agree,4 - Agree,1 - Strongly Disagree,3 - Neutral,5 - Strongly Agree,1 - Strongly Disagree,3 - Neutral,4 - Agree,1 - Strongly Disagree,3 - Neutral,3 - Neutral,1 - Strongly Disagree,1 - Strongly Disagree,Less than today,FALSE,High risk
Yes,1 to 3 years,15+ hours,"Financial News Websites (Bloomberg, Reuters, Business Recorder)",5 - Strongly Agree,5 - Strongly Agree,5 - Strongly Agree,5 - Strongly Agree,5 - Strongly Agree,5 - Strongly Agree,5 - Strongly Agree,5 - Strongly Agree,5 - Strongly Agree,3 - Neutral,3 - Neutral,3 - Neutral,3 - Neutral,I don't know,I don't know,No risk
Yes,1 to 3 years,15+ hours,"X (Twitter), YouTube, Financial News Websites (Bloomberg, Reuters)",3 - Neutral,5 - Strongly Agree,4 - Agree,1 - Strongly Disagree,5 - Strongly Agree,4 - Agree,5 - Strongly Agree,4 - Agree,5 - Strongly Agree,2 - Disagree,3 - Neutral,4 - Agree,2 - Disagree,Less than today,FALSE,High risk
Yes,,1–3 hours,"X (Twitter), YouTube, Instagram / TikTok",2 - Disagree,1 - Strongly Disagree,4 - Agree,2 - Disagree,4 - Agree,1 - Strongly Disagree,2 - Disagree,2 - Disagree,4 - Agree,2 - Disagree,3 - Neutral,1 - Strongly Disagree,1 - Strongly Disagree,Less than today,,
Yes,3 to 5 years,1–3 hours,"X (Twitter), Instagram / TikTok",3 - Neutral,3 - Neutral,2 - Disagree,2 - Disagree,3 - Neutral,3 - Neutral,1 - Strongly Disagree,3 - Neutral,3 - Neutral,1 - Strongly Disagree,3 - Neutral,1 - Strongly Disagree,1 - Strongly Disagree,Less than today,FALSE,High risk
Yes,,,"Instagram / TikTok, Financial News Websites (Bloomberg, Reuters)",3 - Neutral,2 - Disagree,3 - Neutral,4 - Agree,4 - Agree,3 - Neutral,2 - Disagree,3 - Neutral,3 - Neutral,4 - Agree,1 - Strongly Disagree,2 - Disagree,3 - Neutral,Less than today,,High risk
Yes,,,"Instagram / TikTok, Financial News Websites (Bloomberg, Reuters)",3 - Neutral,3 - Neutral,2 - Disagree,3 - Neutral,3 - Neutral,3 - Neutral,3 - Neutral,3 - Neutral,3 - Neutral,3 - Neutral,3 - Neutral,3 - Neutral,3 - Neutral,Less than today,FALSE,
Yes,,Less than 1 hour,YouTube,3 - Neutral,3 - Neutral,4 - Agree,4 - Agree,4 - Agree,4 - Agree,3 - Neutral,4 - Agree,4 - Agree,2 - Disagree,3 - Neutral,3 - Neutral,3 - Neutral,More than today,TRUE,High risk
Yes,1 to 3 years,4–7 hours,"X (Twitter), Reddit (e.g., r/wallstreetbets), Financial News Websites (Bloomberg, Reuters, Business Recorder)",3 - Neutral,2 - Disagree,4 - Agree,2 - Disagree,4 - Agree,4 - Agree,1 - Strongly Disagree,2 - Disagree,3 - Neutral,1 - Strongly Disagree,3 - Neutral,4 - Agree,4 - Agree,Less than today,FALSE,High risk
Yes,1 to 3 years,1–3 hours,"X (Twitter), Reddit (e.g., r/wallstreetbets), Financial News Websites (Bloomberg, Reuters, Business Recorder)",3 - Neutral,4 - Agree,3 - Neutral,4 - Agree,4 - Agree,5 - Strongly Agree,2 - Disagree,3 - Neutral,4 - Agree,4 - Agree,5 - Strongly Agree,3 - Neutral,4 - Agree,Less than today,FALSE,High risk
No,1 to 3 years,,,,,,,,,,,,,,,,,,
Yes,3 to 5 years,8–14 hours,"X (Twitter), Financial News Websites (Bloomberg, Reuters, Business Recorder)",1 - Strongly Disagree,1 - Strongly Disagree,1 - Strongly Disagree,1 - Strongly Disagree,1 - Strongly Disagree,1 - Strongly Disagree,1 - Strongly Disagree,1 - Strongly Disagree,1 - Strongly Disagree,1 - Strongly Disagree,1 - Strongly Disagree,1 - Strongly Disagree,1 - Strongly Disagree,Less than today,FALSE,High risk
Yes,1 to 3 years,1–3 hours,"Financial News Websites (Bloomberg, Reuters, Business Recorder)",2 - Disagree,1 - Strongly Disagree,4 - Agree,1 - Strongly Disagree,3 - Neutral,4 - Agree,4 - Agree,1 - Strongly Disagree,2 - Disagree,2 - Disagree,3 - Neutral,2 - Disagree,2 - Disagree,More than today,FALSE,High risk
Yes,1 to 3 years,1–3 hours,"Reddit (e.g., r/wallstreetbets), Instagram / TikTok, Financial News Websites (Bloomberg, Reuters, Business Recorder)",3 - Neutral,3 - Neutral,4 - Agree,4 - Agree,4 - Agree,3 - Neutral,4 - Agree,3 - Neutral,3 - Neutral,4 - Agree,4 - Agree,3 - Neutral,4 - Agree,Exactly the same,TRUE,High risk
No,1 to 3 years,,,,,,,,,,,,,,,,,,
Yes,More than 5 years,1–3 hours,"YouTube, Instagram / TikTok, Financial News Websites (Bloomberg, Reuters, Business Recorder)",4 - Agree,4 - Agree,1 - Strongly Disagree,3 - Neutral,5 - Strongly Agree,1 - Strongly Disagree,3 - Neutral,4 - Agree,1 - Strongly Disagree,3 - Neutral,3 - Neutral,1 - Strongly Disagree,1 - Strongly Disagree,Less than today,FALSE,High risk
Yes,1 to 3 years,15+ hours,"X (Twitter), YouTube, Financial News Websites (Bloomberg, Reuters)",3 - Neutral,5 - Strongly Agree,4 - Agree,1 - Strongly Disagree,5 - Strongly Agree,4 - Agree,5 - Strongly Agree,4 - Agree,5 - Strongly Agree,2 - Disagree,3 - Neutral,4 - Agree,2 - Disagree,Less than today,FALSE,High risk
Yes,,1–3 hours,"X (Twitter), YouTube, Instagram / TikTok",2 - Disagree,1 - Strongly Disagree,4 - Agree,2 - Disagree,4 - Agree,1 - Strongly Disagree,2 - Disagree,2 - Disagree,4 - Agree,2 - Disagree,3 - Neutral,1 - Strongly Disagree,1 - Strongly Disagree,Less than today,,
Yes,3 to 5 years,1–3 hours,"X (Twitter), Instagram / TikTok",3 - Neutral,3 - Neutral,2 - Disagree,2 - Disagree,3 - Neutral,3 - Neutral,1 - Strongly Disagree,3 - Neutral,3 - Neutral,1 - Strongly Disagree,3 - Neutral,1 - Strongly Disagree,1 - Strongly Disagree,Less than today,FALSE,High risk
Yes,,,"Instagram / TikTok, Financial News Websites (Bloomberg, Reuters)",3 - Neutral,2 - Disagree,3 - Neutral,4 - Agree,4 - Agree,3 - Neutral,2 - Disagree,3 - Neutral,3 - Neutral,4 - Agree,1 - Strongly Disagree,2 - Disagree,3 - Neutral,Less than today,,High risk
Yes,,,"Instagram / TikTok, Financial News Websites (Bloomberg, Reuters)",3 - Neutral,3 - Neutral,2 - Disagree,3 - Neutral,3 - Neutral,3 - Neutral,3 - Neutral,3 - Neutral,3 - Neutral,3 - Neutral,3 - Neutral,3 - Neutral,3 - Neutral,Less than today,FALSE,
Yes,1 to 3 years,4–7 hours,"X (Twitter), Reddit (e.g., r/wallstreetbets), Financial News Websites (Bloomberg, Reuters, Business Recorder)",3 - Neutral,2 - Disagree,4 - Agree,2 - Disagree,4 - Agree,4 - Agree,1 - Strongly Disagree,2 - Disagree,3 - Neutral,1 - Strongly Disagree,3 - Neutral,4 - Agree,4 - Agree,Less than today,FALSE,High risk
Yes,1 to 3 years,1–3 hours,"X (Twitter), Reddit (e.g., r/wallstreetbets), Financial News Websites (Bloomberg, Reuters, Business Recorder)",3 - Neutral,4 - Agree,3 - Neutral,4 - Agree,4 - Agree,5 - Strongly Agree,2 - Disagree,3 - Neutral,4 - Agree,4 - Agree,5 - Strongly Agree,3 - Neutral,4 - Agree,Less than today,FALSE,High risk
No,1 to 3 years,,,,,,,,,,,,,,,,,,
Yes,3 to 5 years,8–14 hours,"X (Twitter), Financial News Websites (Bloomberg, Reuters, Business Recorder)",1 - Strongly Disagree,1 - Strongly Disagree,1 - Strongly Disagree,1 - Strongly Disagree,1 - Strongly Disagree,1 - Strongly Disagree,1 - Strongly Disagree,1 - Strongly Disagree,1 - Strongly Disagree,1 - Strongly Disagree,1 - Strongly Disagree,1 - Strongly Disagree,1 - Strongly Disagree,Less than today,FALSE,High risk
No,1 to 3 years,,,,,,,,,,,,,,,,,,
Yes,More than 5 years,1–3 hours,"YouTube, Instagram / TikTok, Financial News Websites (Bloomberg, Reuters, Business Recorder)",4 - Agree,4 - Agree,1 - Strongly Disagree,3 - Neutral,5 - Strongly Agree,1 - Strongly Disagree,3 - Neutral,4 - Agree,1 - Strongly Disagree,3 - Neutral,3 - Neutral,1 - Strongly Disagree,1 - Strongly Disagree,Less than today,FALSE,High risk
Yes,1 to 3 years,15+ hours,"X (Twitter), YouTube, Financial News Websites (Bloomberg, Reuters)",3 - Neutral,5 - Strongly Agree,4 - Agree,1 - Strongly Disagree,5 - Strongly Agree,4 - Agree,5 - Strongly Agree,4 - Agree,5 - Strongly Agree,2 - Disagree,3 - Neutral,4 - Agree,2 - Disagree,Less than today,FALSE,High risk
Yes,,1–3 hours,"X (Twitter), YouTube, Instagram / TikTok",2 - Disagree,1 - Strongly Disagree,4 - Agree,2 - Disagree,4 - Agree,1 - Strongly Disagree,2 - Disagree,2 - Disagree,4 - Agree,2 - Disagree,3 - Neutral,1 - Strongly Disagree,1 - Strongly Disagree,Less than today,,
Yes,3 to 5 years,1–3 hours,"X (Twitter), Instagram / TikTok",3 - Neutral,3 - Neutral,2 - Disagree,2 - Disagree,3 - Neutral,3 - Neutral,1 - Strongly Disagree,3 - Neutral,3 - Neutral,1 - Strongly Disagree,3 - Neutral,1 - Strongly Disagree,1 - Strongly Disagree,Less than today,FALSE,High risk
Yes,,,"Instagram / TikTok, Financial News Websites (Bloomberg, Reuters)",3 - Neutral,2 - Disagree,3 - Neutral,4 - Agree,4 - Agree,3 - Neutral,2 - Disagree,3 - Neutral,3 - Neutral,4 - Agree,1 - Strongly Disagree,2 - Disagree,3 - Neutral,Less than today,,High risk
Yes,,,"Instagram / TikTok, Financial News Websites (Bloomberg, Reuters)",3 - Neutral,3 - Neutral,2 - Disagree,3 - Neutral,3 - Neutral,3 - Neutral,3 - Neutral,3 - Neutral,3 - Neutral,3 - Neutral,3 - Neutral,3 - Neutral,3 - Neutral,Less than today,FALSE,
Yes,1 to 3 years,4–7 hours,"X (Twitter), Reddit (e.g., r/wallstreetbets), Financial News Websites (Bloomberg, Reuters, Business Recorder)",3 - Neutral,2 - Disagree,4 - Agree,2 - Disagree,4 - Agree,4 - Agree,1 - Strongly Disagree,2 - Disagree,3 - Neutral,1 - Strongly Disagree,3 - Neutral,4 - Agree,4 - Agree,Less than today,FALSE,High risk
Yes,1 to 3 years,1–3 hours,"X (Twitter), Reddit (e.g., r/wallstreetbets), Financial News Websites (Bloomberg, Reuters, Business Recorder)",3 - Neutral,4 - Agree,3 - Neutral,4 - Agree,4 - Agree,5 - Strongly Agree,2 - Disagree,3 - Neutral,4 - Agree,4 - Agree,5 - Strongly Agree,3 - Neutral,4 - Agree,Less than today,FALSE,High risk
No,1 to 3 years,,,,,,,,,,,,,,,,,,
Yes,3 to 5 years,8–14 hours,"X (Twitter), Financial News Websites (Bloomberg, Reuters, Business Recorder)",1 - Strongly Disagree,1 - Strongly Disagree,1 - Strongly Disagree,1 - Strongly Disagree,1 - Strongly Disagree,1 - Strongly Disagree,1 - Strongly Disagree,1 - Strongly Disagree,1 - Strongly Disagree,1 - Strongly Disagree,1 - Strongly Disagree,1 - Strongly Disagree,1 - Strongly Disagree,Less than today,FALSE,High risk
No,1 to 3 years,,,,,,,,,,,,,,,,,,
Yes,More than 5 years,1–3 hours,"YouTube, Instagram / TikTok, Financial News Websites (Bloomberg, Reuters, Business Recorder)",4 - Agree,4 - Agree,1 - Strongly Disagree,3 - Neutral,5 - Strongly Agree,1 - Strongly Disagree,3 - Neutral,4 - Agree,1 - Strongly Disagree,3 - Neutral,3 - Neutral,1 - Strongly Disagree,1 - Strongly Disagree,Less than today,FALSE,High risk
Yes,1 to 3 years,15+ hours,"Financial News Websites (Bloomberg, Reuters, Business Recorder)",5 - Strongly Agree,5 - Strongly Agree,5 - Strongly Agree,5 - Strongly Agree,5 - Strongly Agree,5 - Strongly Agree,5 - Strongly Agree,5 - Strongly Agree,5 - Strongly Agree,3 - Neutral,3 - Neutral,3 - Neutral,3 - Neutral,I don't know,I don't know,No risk
Yes,1 to 3 years,15+ hours,"X (Twitter), YouTube, Financial News Websites (Bloomberg, Reuters)",3 - Neutral,5 - Strongly Agree,4 - Agree,1 - Strongly Disagree,5 - Strongly Agree,4 - Agree,5 - Strongly Agree,4 - Agree,5 - Strongly Agree,2 - Disagree,3 - Neutral,4 - Agree,2 - Disagree,Less than today,FALSE,High risk
Yes,,1–3 hours,"X (Twitter), YouTube, Instagram / TikTok",2 - Disagree,1 - Strongly Disagree,4 - Agree,2 - Disagree,4 - Agree,1 - Strongly Disagree,2 - Disagree,2 - Disagree,4 - Agree,2 - Disagree,3 - Neutral,1 - Strongly Disagree,1 - Strongly Disagree,Less than today,,
Yes,3 to 5 years,1–3 hours,"X (Twitter), Instagram / TikTok",3 - Neutral,3 - Neutral,2 - Disagree,2 - Disagree,3 - Neutral,3 - Neutral,1 - Strongly Disagree,3 - Neutral,3 - Neutral,1 - Strongly Disagree,3 - Neutral,1 - Strongly Disagree,1 - Strongly Disagree,Less than today,FALSE,High risk
Yes,,,"Instagram / TikTok, Financial News Websites (Bloomberg, Reuters)",3 - Neutral,2 - Disagree,3 - Neutral,4 - Agree,4 - Agree,3 - Neutral,2 - Disagree,3 - Neutral,3 - Neutral,4 - Agree,1 - Strongly Disagree,2 - Disagree,3 - Neutral,Less than today,,High risk
Yes,,,"Instagram / TikTok, Financial News Websites (Bloomberg, Reuters)",3 - Neutral,3 - Neutral,2 - Disagree,3 - Neutral,3 - Neutral,3 - Neutral,3 - Neutral,3 - Neutral,3 - Neutral,3 - Neutral,3 - Neutral,3 - Neutral,3 - Neutral,Less than today,FALSE,
Yes,,Less than 1 hour,YouTube,3 - Neutral,3 - Neutral,4 - Agree,4 - Agree,4 - Agree,4 - Agree,3 - Neutral,4 - Agree,4 - Agree,2 - Disagree,3 - Neutral,3 - Neutral,3 - Neutral,More than today,TRUE,High risk
Yes,1 to 3 years,1–3 hours,"X (Twitter), YouTube, Instagram / TikTok",2 - Disagree,4 - Agree,4 - Agree,3 - Neutral,4 - Agree,4 - Agree,3 - Neutral,4 - Agree,4 - Agree,1 - Strongly Disagree,1 - Strongly Disagree,1 - Strongly Disagree,5 - Strongly Agree,Less than today,TRUE,Low risk
Yes,1 to 3 years,Less than 1 hour,X (Twitter),1 - Strongly Disagree,2 - Disagree,1 - Strongly Disagree,3 - Neutral,3 - Neutral,2 - Disagree,4 - Agree,2 - Disagree,3 - Neutral,2 - Disagree,1 - Strongly Disagree,3 - Neutral,3 - Neutral,Exactly the same,TRUE,No risk
Yes,,4–7 hours,"X (Twitter), Reddit (e.g., r/wallstreetbets), Financial News Websites (Bloomberg, Reuters, Business Recorder)",3 - Neutral,4 - Agree,5 - Strongly Agree,5 - Strongly Agree,3 - Neutral,5 - Strongly Agree,4 - Agree,3 - Neutral,3 - Neutral,3 - Neutral,4 - Agree,4 - Agree,3 - Neutral,I don't know,,Low risk
Yes,,1–3 hours,"Reddit (e.g., r/wallstreetbets)",2 - Disagree,1 - Strongly Disagree,3 - Neutral,1 - Strongly Disagree,4 - Agree,3 - Neutral,1 - Strongly Disagree,2 - Disagree,2 - Disagree,2 - Disagree,2 - Disagree,1 - Strongly Disagree,2 - Disagree,Exactly the same,FALSE,No risk
Yes,1 to 3 years,4–7 hours,"X (Twitter), Reddit (e.g., r/wallstreetbets), Financial News Websites (Bloomberg, Reuters, Business Recorder)",3 - Neutral,2 - Disagree,4 - Agree,2 - Disagree,4 - Agree,4 - Agree,1 - Strongly Disagree,2 - Disagree,3 - Neutral,1 - Strongly Disagree,3 - Neutral,4 - Agree,4 - Agree,Less than today,FALSE,High risk
Yes,3 to 5 years,4–7 hours,"Reddit (e.g., r/wallstreetbets)",2 - Disagree,3 - Neutral,5 - Strongly Agree,3 - Neutral,2 - Disagree,5 - Strongly Agree,1 - Strongly Disagree,3 - Neutral,3 - Neutral,3 - Neutral,3 - Neutral,3 - Neutral,3 - Neutral,I don't know,TRUE,Low risk
Yes,1 to 3 years,1–3 hours,"X (Twitter), Reddit (e.g., r/wallstreetbets), Financial News Websites (Bloomberg, Reuters, Business Recorder)",3 - Neutral,4 - Agree,3 - Neutral,4 - Agree,4 - Agree,5 - Strongly Agree,2 - Disagree,3 - Neutral,4 - Agree,4 - Agree,5 - Strongly Agree,3 - Neutral,4 - Agree,Less than today,FALSE,High risk
No,1 to 3 years,,,,,,,,,,,,,,,,,,
Yes,3 to 5 years,8–14 hours,"X (Twitter), Financial News Websites (Bloomberg, Reuters, Business Recorder)",1 - Strongly Disagree,1 - Strongly Disagree,1 - Strongly Disagree,1 - Strongly Disagree,1 - Strongly Disagree,1 - Strongly Disagree,1 - Strongly Disagree,1 - Strongly Disagree,1 - Strongly Disagree,1 - Strongly Disagree,1 - Strongly Disagree,1 - Strongly Disagree,1 - Strongly Disagree,Less than today,FALSE,High risk
Yes,,Less than 1 hour,"X (Twitter), Financial News Websites (Bloomberg, Reuters, Business Recorder)",4 - Agree,5 - Strongly Agree,2 - Disagree,3 - Neutral,5 - Strongly Agree,1 - Strongly Disagree,5 - Strongly Agree,5 - Strongly Agree,5 - Strongly Agree,4 - Agree,5 - Strongly Agree,2 - Disagree,5 - Strongly Agree,I don't know,I don't know,I don't know
Yes,1 to 3 years,1–3 hours,"Financial News Websites (Bloomberg, Reuters, Business Recorder)",2 - Disagree,1 - Strongly Disagree,4 - Agree,1 - Strongly Disagree,3 - Neutral,4 - Agree,4 - Agree,1 - Strongly Disagree,2 - Disagree,2 - Disagree,3 - Neutral,2 - Disagree,2 - Disagree,More than today,FALSE,High risk
Yes,1 to 3 years,1–3 hours,"Reddit (e.g., r/wallstreetbets), Instagram / TikTok, Financial News Websites (Bloomberg, Reuters, Business Recorder)",3 - Neutral,3 - Neutral,4 - Agree,4 - Agree,4 - Agree,3 - Neutral,4 - Agree,3 - Neutral,3 - Neutral,4 - Agree,4 - Agree,3 - Neutral,4 - Agree,Exactly the same,TRUE,High risk
No,1 to 3 years,,,,,,,,,,,,,,,,,,
Yes,More than 5 years,1–3 hours,"YouTube, Instagram / TikTok, Financial News Websites (Bloomberg, Reuters, Business Recorder)",4 - Agree,4 - Agree,1 - Strongly Disagree,3 - Neutral,5 - Strongly Agree,1 - Strongly Disagree,3 - Neutral,4 - Agree,1 - Strongly Disagree,3 - Neutral,3 - Neutral,1 - Strongly Disagree,1 - Strongly Disagree,Less than today,FALSE,High risk
Yes,3 to 5 years,15+ hours,"Financial News Websites (Bloomberg, Reuters, Business Recorder)",3 - Neutral,1 - Strongly Disagree,3 - Neutral,3 - Neutral,5 - Strongly Agree,5 - Strongly Agree,5 - Strongly Agree,1 - Strongly Disagree,3 - Neutral,2 - Disagree,1 - Strongly Disagree,1 - Strongly Disagree,3 - Neutral,I don't know,FALSE,Low risk
Yes,1 to 3 years,15+ hours,"Financial News Websites (Bloomberg, Reuters, Business Recorder)",5 - Strongly Agree,5 - Strongly Agree,5 - Strongly Agree,5 - Strongly Agree,5 - Strongly Agree,5 - Strongly Agree,5 - Strongly Agree,5 - Strongly Agree,5 - Strongly Agree,3 - Neutral,3 - Neutral,3 - Neutral,3 - Neutral,I don't know,I don't know,No risk
Yes,1 to 3 years,15+ hours,"X (Twitter), YouTube, Financial News Websites (Bloomberg, Reuters)",3 - Neutral,5 - Strongly Agree,4 - Agree,1 - Strongly Disagree,5 - Strongly Agree,4 - Agree,5 - Strongly Agree,4 - Agree,5 - Strongly Agree,2 - Disagree,3 - Neutral,4 - Agree,2 - Disagree,Less than today,FALSE,High risk
Yes,,1–3 hours,"X (Twitter), YouTube, Instagram / TikTok",2 - Disagree,1 - Strongly Disagree,4 - Agree,2 - Disagree,4 - Agree,1 - Strongly Disagree,2 - Disagree,2 - Disagree,4 - Agree,2 - Disagree,3 - Neutral,1 - Strongly Disagree,1 - Strongly Disagree,Less than today,,
Yes,,,"Instagram / TikTok, Financial News Websites (Bloomberg, Reuters)",3 - Neutral,2 - Disagree,3 - Neutral,4 - Agree,4 - Agree,3 - Neutral,2 - Disagree,3 - Neutral,3 - Neutral,4 - Agree,1 - Strongly Disagree,2 - Disagree,3 - Neutral,Less than today,,High risk
Yes,,,"Instagram / TikTok, Financial News Websites (Bloomberg, Reuters)",3 - Neutral,3 - Neutral,2 - Disagree,3 - Neutral,3 - Neutral,3 - Neutral,3 - Neutral,3 - Neutral,3 - Neutral,3 - Neutral,3 - Neutral,3 - Neutral,3 - Neutral,Less than today,FALSE,
Yes,,Less than 1 hour,YouTube,3 - Neutral,3 - Neutral,4 - Agree,4 - Agree,4 - Agree,4 - Agree,3 - Neutral,4 - Agree,4 - Agree,2 - Disagree,3 - Neutral,3 - Neutral,3 - Neutral,More than today,TRUE,High risk
Yes,1 to 3 years,1–3 hours,"X (Twitter), YouTube, Instagram / TikTok",2 - Disagree,4 - Agree,4 - Agree,3 - Neutral,4 - Agree,4 - Agree,3 - Neutral,4 - Agree,4 - Agree,1 - Strongly Disagree,1 - Strongly Disagree,1 - Strongly Disagree,5 - Strongly Agree,Less than today,TRUE,Low risk
Yes,,4–7 hours,"X (Twitter), Reddit (e.g., r/wallstreetbets), Financial News Websites (Bloomberg, Reuters, Business Recorder)",3 - Neutral,4 - Agree,5 - Strongly Agree,5 - Strongly Agree,3 - Neutral,5 - Strongly Agree,4 - Agree,3 - Neutral,3 - Neutral,3 - Neutral,4 - Agree,4 - Agree,3 - Neutral,I don't know,,Low risk
Yes,1 to 3 years,4–7 hours,"X (Twitter), Reddit (e.g., r/wallstreetbets), Financial News Websites (Bloomberg, Reuters, Business Recorder)",3 - Neutral,2 - Disagree,4 - Agree,2 - Disagree,4 - Agree,4 - Agree,1 - Strongly Disagree,2 - Disagree,3 - Neutral,1 - Strongly Disagree,3 - Neutral,4 - Agree,4 - Agree,Less than today,FALSE,High risk
Yes,1 to 3 years,1–3 hours,"X (Twitter), Reddit (e.g., r/wallstreetbets), Financial News Websites (Bloomberg, Reuters, Business Recorder)",3 - Neutral,4 - Agree,3 - Neutral,4 - Agree,4 - Agree,5 - Strongly Agree,2 - Disagree,3 - Neutral,4 - Agree,4 - Agree,5 - Strongly Agree,3 - Neutral,4 - Agree,Less than today,FALSE,High risk
No,1 to 3 years,,,,,,,,,,,,,,,,,,
Yes,1 to 3 years,1–3 hours,"Reddit (e.g., r/wallstreetbets), Instagram / TikTok, Financial News Websites (Bloomberg, Reuters, Business Recorder)",3 - Neutral,3 - Neutral,4 - Agree,4 - Agree,4 - Agree,3 - Neutral,4 - Agree,3 - Neutral,3 - Neutral,4 - Agree,4 - Agree,3 - Neutral,4 - Agree,Exactly the same,TRUE,High risk
No,1 to 3 years,,,,,,,,,,,,,,,,,,
Yes,More than 5 years,1–3 hours,"YouTube, Instagram / TikTok, Financial News Websites (Bloomberg, Reuters, Business Recorder)",4 - Agree,4 - Agree,1 - Strongly Disagree,3 - Neutral,5 - Strongly Agree,1 - Strongly Disagree,3 - Neutral,4 - Agree,1 - Strongly Disagree,3 - Neutral,3 - Neutral,1 - Strongly Disagree,1 - Strongly Disagree,Less than today,FALSE,High risk
No,1 to 3 years,,,,,,,,,,,,,,,,,,
Yes,,Less than 1 hour,"X (Twitter), Financial News Websites (Bloomberg, Reuters, Business Recorder)",4 - Agree,5 - Strongly Agree,2 - Disagree,3 - Neutral,5 - Strongly Agree,1 - Strongly Disagree,5 - Strongly Agree,5 - Strongly Agree,5 - Strongly Agree,4 - Agree,5 - Strongly Agree,2 - Disagree,5 - Strongly Agree,I don't know,I don't know,I don't know
No,1 to 3 years,,,,,,,,,,,,,,,,,,
Yes,More than 5 years,1–3 hours,"YouTube, Instagram / TikTok, Financial News Websites (Bloomberg, Reuters, Business Recorder)",4 - Agree,4 - Agree,1 - Strongly Disagree,3 - Neutral,5 - Strongly Agree,1 - Strongly Disagree,3 - Neutral,4 - Agree,1 - Strongly Disagree,3 - Neutral,3 - Neutral,1 - Strongly Disagree,1 - Strongly Disagree,Less than today,FALSE,High risk
Yes,1 to 3 years,15+ hours,"Financial News Websites (Bloomberg, Reuters, Business Recorder)",5 - Strongly Agree,5 - Strongly Agree,5 - Strongly Agree,5 - Strongly Agree,5 - Strongly Agree,5 - Strongly Agree,5 - Strongly Agree,5 - Strongly Agree,5 - Strongly Agree,3 - Neutral,3 - Neutral,3 - Neutral,3 - Neutral,I don't know,I don't know,No risk
Yes,,,"Instagram / TikTok, Financial News Websites (Bloomberg, Reuters)",3 - Neutral,2 - Disagree,3 - Neutral,4 - Agree,4 - Agree,3 - Neutral,2 - Disagree,3 - Neutral,3 - Neutral,4 - Agree,1 - Strongly Disagree,2 - Disagree,3 - Neutral,Less than today,,High risk
Yes,,Less than 1 hour,YouTube,3 - Neutral,3 - Neutral,4 - Agree,4 - Agree,4 - Agree,4 - Agree,3 - Neutral,4 - Agree,4 - Agree,2 - Disagree,3 - Neutral,3 - Neutral,3 - Neutral,More than today,TRUE,High risk
Yes,,4–7 hours,"X (Twitter), Reddit (e.g., r/wallstreetbets), Financial News Websites (Bloomberg, Reuters, Business Recorder)",3 - Neutral,4 - Agree,5 - Strongly Agree,5 - Strongly Agree,3 - Neutral,5 - Strongly Agree,4 - Agree,3 - Neutral,3 - Neutral,3 - Neutral,4 - Agree,4 - Agree,3 - Neutral,I don't know,,Low risk
Yes,1 to 3 years,1–3 hours,"X (Twitter), Reddit (e.g., r/wallstreetbets), Financial News Websites (Bloomberg, Reuters, Business Recorder)",3 - Neutral,4 - Agree,3 - Neutral,4 - Agree,4 - Agree,5 - Strongly Agree,2 - Disagree,3 - Neutral,4 - Agree,4 - Agree,5 - Strongly Agree,3 - Neutral,4 - Agree,Less than today,FALSE,High risk
No,1 to 3 years,,,,,,,,,,,,,,,,,,
Yes,1 to 3 years,1–3 hours,"Reddit (e.g., r/wallstreetbets), Instagram / TikTok, Financial News Websites (Bloomberg, Reuters, Business Recorder)",3 - Neutral,3 - Neutral,4 - Agree,4 - Agree,4 - Agree,3 - Neutral,4 - Agree,3 - Neutral,3 - Neutral,4 - Agree,4 - Agree,3 - Neutral,4 - Agree,Exactly the same,TRUE,High risk
No,1 to 3 years,,,,,,,,,,,,,,,,,,
Yes,1 to 3 years,15+ hours,"Financial News Websites (Bloomberg, Reuters, Business Recorder)",5 - Strongly Agree,5 - Strongly Agree,5 - Strongly Agree,5 - Strongly Agree,5 - Strongly Agree,5 - Strongly Agree,5 - Strongly Agree,5 - Strongly Agree,5 - Strongly Agree,3 - Neutral,3 - Neutral,3 - Neutral,3 - Neutral,I don't know,I don't know,No risk
Yes,1 to 3 years,15+ hours,"X (Twitter), YouTube, Financial News Websites (Bloomberg, Reuters)",3 - Neutral,5 - Strongly Agree,4 - Agree,1 - Strongly Disagree,5 - Strongly Agree,4 - Agree,5 - Strongly Agree,4 - Agree,5 - Strongly Agree,2 - Disagree,3 - Neutral,4 - Agree,2 - Disagree,Less than today,FALSE,High risk
Yes,1 to 3 years,1–3 hours,"X (Twitter), YouTube, Instagram / TikTok",2 - Disagree,4 - Agree,4 - Agree,3 - Neutral,4 - Agree,4 - Agree,3 - Neutral,4 - Agree,4 - Agree,1 - Strongly Disagree,1 - Strongly Disagree,1 - Strongly Disagree,5 - Strongly Agree,Less than today,TRUE,Low risk
Yes,,4–7 hours,"X (Twitter), Reddit (e.g., r/wallstreetbets), Financial News Websites (Bloomberg, Reuters, Business Recorder)",3 - Neutral,4 - Agree,5 - Strongly Agree,5 - Strongly Agree,3 - Neutral,5 - Strongly Agree,4 - Agree,3 - Neutral,3 - Neutral,3 - Neutral,4 - Agree,4 - Agree,3 - Neutral,I don't know,,Low risk
Yes,1 to 3 years,1–3 hours,"X (Twitter), Reddit (e.g., r/wallstreetbets), Financial News Websites (Bloomberg, Reuters, Business Recorder)",3 - Neutral,4 - Agree,3 - Neutral,4 - Agree,4 - Agree,5 - Strongly Agree,2 - Disagree,3 - Neutral,4 - Agree,4 - Agree,5 - Strongly Agree,3 - Neutral,4 - Agree,Less than today,FALSE,High risk
No,1 to 3 years,,,,,,,,,,,,,,,,,,
Yes,,Less than 1 hour,"X (Twitter), Financial News Websites (Bloomberg, Reuters, Business Recorder)",4 - Agree,5 - Strongly Agree,2 - Disagree,3 - Neutral,5 - Strongly Agree,1 - Strongly Disagree,5 - Strongly Agree,5 - Strongly Agree,5 - Strongly Agree,4 - Agree,5 - Strongly Agree,2 - Disagree,5 - Strongly Agree,I don't know,I don't know,I don't know
No,1 to 3 years,,,,,,,,,,,,,,,,,,
Yes,More than 5 years,1–3 hours,"YouTube, Instagram / TikTok, Financial News Websites (Bloomberg, Reuters, Business Recorder)",4 - Agree,4 - Agree,1 - Strongly Disagree,3 - Neutral,5 - Strongly Agree,1 - Strongly Disagree,3 - Neutral,4 - Agree,1 - Strongly Disagree,3 - Neutral,3 - Neutral,1 - Strongly Disagree,1 - Strongly Disagree,Less than today,FALSE,High risk
Yes,1 to 3 years,15+ hours,"Financial News Websites (Bloomberg, Reuters, Business Recorder)",5 - Strongly Agree,5 - Strongly Agree,5 - Strongly Agree,5 - Strongly Agree,5 - Strongly Agree,5 - Strongly Agree,5 - Strongly Agree,5 - Strongly Agree,5 - Strongly Agree,3 - Neutral,3 - Neutral,3 - Neutral,3 - Neutral,I don't know,I don't know,No risk
Yes,1 to 3 years,15+ hours,"X (Twitter), YouTube, Financial News Websites (Bloomberg, Reuters)",3 - Neutral,5 - Strongly Agree,4 - Agree,1 - Strongly Disagree,5 - Strongly Agree,4 - Agree,5 - Strongly Agree,4 - Agree,5 - Strongly Agree,2 - Disagree,3 - Neutral,4 - Agree,2 - Disagree,Less than today,FALSE,High risk
Yes,,Less than 1 hour,YouTube,3 - Neutral,3 - Neutral,4 - Agree,4 - Agree,4 - Agree,4 - Agree,3 - Neutral,4 - Agree,4 - Agree,2 - Disagree,3 - Neutral,3 - Neutral,3 - Neutral,More than today,TRUE,High risk
Yes,1 to 3 years,1–3 hours,"X (Twitter), YouTube, Instagram / TikTok",2 - Disagree,4 - Agree,4 - Agree,3 - Neutral,4 - Agree,4 - Agree,3 - Neutral,4 - Agree,4 - Agree,1 - Strongly Disagree,1 - Strongly Disagree,1 - Strongly Disagree,5 - Strongly Agree,Less than today,TRUE,Low risk
No,1 to 3 years,,,,,,,,,,,,,,,,,,
Yes,,Less than 1 hour,"X (Twitter), Financial News Websites (Bloomberg, Reuters, Business Recorder)",4 - Agree,5 - Strongly Agree,2 - Disagree,3 - Neutral,5 - Strongly Agree,1 - Strongly Disagree,5 - Strongly Agree,5 - Strongly Agree,5 - Strongly Agree,4 - Agree,5 - Strongly Agree,2 - Disagree,5 - Strongly Agree,I don't know,I don't know,I don't know
No,1 to 3 years,,,,,,,,,,,,,,,,,,
Yes,More than 5 years,1–3 hours,"YouTube, Instagram / TikTok, Financial News Websites (Bloomberg, Reuters, Business Recorder)",4 - Agree,4 - Agree,1 - Strongly Disagree,3 - Neutral,5 - Strongly Agree,1 - Strongly Disagree,3 - Neutral,4 - Agree,1 - Strongly Disagree,3 - Neutral,3 - Neutral,1 - Strongly Disagree,1 - Strongly Disagree,Less than today,FALSE,High risk
Yes,1 to 3 years,15+ hours,"Financial News Websites (Bloomberg, Reuters, Business Recorder)",5 - Strongly Agree,5 - Strongly Agree,5 - Strongly Agree,5 - Strongly Agree,5 - Strongly Agree,5 - Strongly Agree,5 - Strongly Agree,5 - Strongly Agree,5 - Strongly Agree,3 - Neutral,3 - Neutral,3 - Neutral,3 - Neutral,I don't know,I don't know,No risk
Yes,1 to 3 years,15+ hours,"X (Twitter), YouTube, Financial News Websites (Bloomberg, Reuters)",3 - Neutral,5 - Strongly Agree,4 - Agree,1 - Strongly Disagree,5 - Strongly Agree,4 - Agree,5 - Strongly Agree,4 - Agree,5 - Strongly Agree,2 - Disagree,3 - Neutral,4 - Agree,2 - Disagree,Less than today,FALSE,High risk
Yes,,1–3 hours,"X (Twitter), YouTube, Instagram / TikTok",2 - Disagree,1 - Strongly Disagree,4 - Agree,2 - Disagree,4 - Agree,1 - Strongly Disagree,2 - Disagree,2 - Disagree,4 - Agree,2 - Disagree,3 - Neutral,1 - Strongly Disagree,1 - Strongly Disagree,Less than today,,
Yes,3 to 5 years,1–3 hours,"X (Twitter), Instagram / TikTok",3 - Neutral,3 - Neutral,2 - Disagree,2 - Disagree,3 - Neutral,3 - Neutral,1 - Strongly Disagree,3 - Neutral,3 - Neutral,1 - Strongly Disagree,3 - Neutral,1 - Strongly Disagree,1 - Strongly Disagree,Less than today,FALSE,High risk
Yes,,,"Instagram / TikTok, Financial News Websites (Bloomberg, Reuters)",3 - Neutral,2 - Disagree,3 - Neutral,4 - Agree,4 - Agree,3 - Neutral,2 - Disagree,3 - Neutral,3 - Neutral,4 - Agree,1 - Strongly Disagree,2 - Disagree,3 - Neutral,Less than today,,High risk
Yes,,,"Instagram / TikTok, Financial News Websites (Bloomberg, Reuters)",3 - Neutral,3 - Neutral,2 - Disagree,3 - Neutral,3 - Neutral,3 - Neutral,3 - Neutral,3 - Neutral,3 - Neutral,3 - Neutral,3 - Neutral,3 - Neutral,3 - Neutral,Less than today,FALSE,
Yes,,Less than 1 hour,YouTube,3 - Neutral,3 - Neutral,4 - Agree,4 - Agree,4 - Agree,4 - Agree,3 - Neutral,4 - Agree,4 - Agree,2 - Disagree,3 - Neutral,3 - Neutral,3 - Neutral,More than today,TRUE,High risk
Yes,1 to 3 years,4–7 hours,"X (Twitter), Reddit (e.g., r/wallstreetbets), Financial News Websites (Bloomberg, Reuters, Business Recorder)",3 - Neutral,2 - Disagree,4 - Agree,2 - Disagree,4 - Agree,4 - Agree,1 - Strongly Disagree,2 - Disagree,3 - Neutral,1 - Strongly Disagree,3 - Neutral,4 - Agree,4 - Agree,Less than today,FALSE,High risk
Yes,1 to 3 years,1–3 hours,"X (Twitter), Reddit (e.g., r/wallstreetbets), Financial News Websites (Bloomberg, Reuters, Business Recorder)",3 - Neutral,4 - Agree,3 - Neutral,4 - Agree,4 - Agree,5 - Strongly Agree,2 - Disagree,3 - Neutral,4 - Agree,4 - Agree,5 - Strongly Agree,3 - Neutral,4 - Agree,Less than today,FALSE,High risk
No,1 to 3 years,,,,,,,,,,,,,,,,,,
Yes,3 to 5 years,8–14 hours,"X (Twitter), Financial News Websites (Bloomberg, Reuters, Business Recorder)",1 - Strongly Disagree,1 - Strongly Disagree,1 - Strongly Disagree,1 - Strongly Disagree,1 - Strongly Disagree,1 - Strongly Disagree,1 - Strongly Disagree,1 - Strongly Disagree,1 - Strongly Disagree,1 - Strongly Disagree,1 - Strongly Disagree,1 - Strongly Disagree,1 - Strongly Disagree,Less than today,FALSE,High risk
Yes,1 to 3 years,1–3 hours,"Financial News Websites (Bloomberg, Reuters, Business Recorder)",2 - Disagree,1 - Strongly Disagree,4 - Agree,1 - Strongly Disagree,3 - Neutral,4 - Agree,4 - Agree,1 - Strongly Disagree,2 - Disagree,2 - Disagree,3 - Neutral,2 - Disagree,2 - Disagree,More than today,FALSE,High risk
Yes,1 to 3 years,1–3 hours,"Reddit (e.g., r/wallstreetbets), Instagram / TikTok, Financial News Websites (Bloomberg, Reuters, Business Recorder)",3 - Neutral,3 - Neutral,4 - Agree,4 - Agree,4 - Agree,3 - Neutral,4 - Agree,3 - Neutral,3 - Neutral,4 - Agree,4 - Agree,3 - Neutral,4 - Agree,Exactly the same,TRUE,High risk
No,1 to 3 years,,,,,,,,,,,,,,,,,,
Yes,More than 5 years,1–3 hours,"YouTube, Instagram / TikTok, Financial News Websites (Bloomberg, Reuters, Business Recorder)",4 - Agree,4 - Agree,1 - Strongly Disagree,3 - Neutral,5 - Strongly Agree,1 - Strongly Disagree,3 - Neutral,4 - Agree,1 - Strongly Disagree,3 - Neutral,3 - Neutral,1 - Strongly Disagree,1 - Strongly Disagree,Less than today,FALSE,High risk
Yes,1 to 3 years,15+ hours,"X (Twitter), YouTube, Financial News Websites (Bloomberg, Reuters)",3 - Neutral,5 - Strongly Agree,4 - Agree,1 - Strongly Disagree,5 - Strongly Agree,4 - Agree,5 - Strongly Agree,4 - Agree,5 - Strongly Agree,2 - Disagree,3 - Neutral,4 - Agree,2 - Disagree,Less than today,FALSE,High risk
Yes,,1–3 hours,"X (Twitter), YouTube, Instagram / TikTok",2 - Disagree,1 - Strongly Disagree,4 - Agree,2 - Disagree,4 - Agree,1 - Strongly Disagree,2 - Disagree,2 - Disagree,4 - Agree,2 - Disagree,3 - Neutral,1 - Strongly Disagree,1 - Strongly Disagree,Less than today,,
Yes,3 to 5 years,1–3 hours,"X (Twitter), Instagram / TikTok",3 - Neutral,3 - Neutral,2 - Disagree,2 - Disagree,3 - Neutral,3 - Neutral,1 - Strongly Disagree,3 - Neutral,3 - Neutral,1 - Strongly Disagree,3 - Neutral,1 - Strongly Disagree,1 - Strongly Disagree,Less than today,FALSE,High risk
Yes,,,"Instagram / TikTok, Financial News Websites (Bloomberg, Reuters)",3 - Neutral,2 - Disagree,3 - Neutral,4 - Agree,4 - Agree,3 - Neutral,2 - Disagree,3 - Neutral,3 - Neutral,4 - Agree,1 - Strongly Disagree,2 - Disagree,3 - Neutral,Less than today,,High risk
Yes,,,"Instagram / TikTok, Financial News Websites (Bloomberg, Reuters)",3 - Neutral,3 - Neutral,2 - Disagree,3 - Neutral,3 - Neutral,3 - Neutral,3 - Neutral,3 - Neutral,3 - Neutral,3 - Neutral,3 - Neutral,3 - Neutral,3 - Neutral,Less than today,FALSE,
Yes,1 to 3 years,4–7 hours,"X (Twitter), Reddit (e.g., r/wallstreetbets), Financial News Websites (Bloomberg, Reuters, Business Recorder)",3 - Neutral,2 - Disagree,4 - Agree,2 - Disagree,4 - Agree,4 - Agree,1 - Strongly Disagree,2 - Disagree,3 - Neutral,1 - Strongly Disagree,3 - Neutral,4 - Agree,4 - Agree,Less than today,FALSE,High risk
Yes,1 to 3 years,1–3 hours,"X (Twitter), Reddit (e.g., r/wallstreetbets), Financial News Websites (Bloomberg, Reuters, Business Recorder)",3 - Neutral,4 - Agree,3 - Neutral,4 - Agree,4 - Agree,5 - Strongly Agree,2 - Disagree,3 - Neutral,4 - Agree,4 - Agree,5 - Strongly Agree,3 - Neutral,4 - Agree,Less than today,FALSE,High risk
No,1 to 3 years,,,,,,,,,,,,,,,,,,
Yes,3 to 5 years,8–14 hours,"X (Twitter), Financial News Websites (Bloomberg, Reuters, Business Recorder)",1 - Strongly Disagree,1 - Strongly Disagree,1 - Strongly Disagree,1 - Strongly Disagree,1 - Strongly Disagree,1 - Strongly Disagree,1 - Strongly Disagree,1 - Strongly Disagree,1 - Strongly Disagree,1 - Strongly Disagree,1 - Strongly Disagree,1 - Strongly Disagree,1 - Strongly Disagree,Less than today,FALSE,High risk
No,1 to 3 years,,,,,,,,,,,,,,,,,,
Yes,More than 5 years,1–3 hours,"YouTube, Instagram / TikTok, Financial News Websites (Bloomberg, Reuters, Business Recorder)",4 - Agree,4 - Agree,1 - Strongly Disagree,3 - Neutral,5 - Strongly Agree,1 - Strongly Disagree,3 - Neutral,4 - Agree,1 - Strongly Disagree,3 - Neutral,3 - Neutral,1 - Strongly Disagree,1 - Strongly Disagree,Less than today,FALSE,High risk
Yes,1 to 3 years,15+ hours,"X (Twitter), YouTube, Financial News Websites (Bloomberg, Reuters)",3 - Neutral,5 - Strongly Agree,4 - Agree,1 - Strongly Disagree,5 - Strongly Agree,4 - Agree,5 - Strongly Agree,4 - Agree,5 - Strongly Agree,2 - Disagree,3 - Neutral,4 - Agree,2 - Disagree,Less than today,FALSE,High risk
Yes,,1–3 hours,"X (Twitter), YouTube, Instagram / TikTok",2 - Disagree,1 - Strongly Disagree,4 - Agree,2 - Disagree,4 - Agree,1 - Strongly Disagree,2 - Disagree,2 - Disagree,4 - Agree,2 - Disagree,3 - Neutral,1 - Strongly Disagree,1 - Strongly Disagree,Less than today,,
Yes,3 to 5 years,1–3 hours,"X (Twitter), Instagram / TikTok",3 - Neutral,3 - Neutral,2 - Disagree,2 - Disagree,3 - Neutral,3 - Neutral,1 - Strongly Disagree,3 - Neutral,3 - Neutral,1 - Strongly Disagree,3 - Neutral,1 - Strongly Disagree,1 - Strongly Disagree,Less than today,FALSE,High risk
Yes,,,"Instagram / TikTok, Financial News Websites (Bloomberg, Reuters)",3 - Neutral,2 - Disagree,3 - Neutral,4 - Agree,4 - Agree,3 - Neutral,2 - Disagree,3 - Neutral,3 - Neutral,4 - Agree,1 - Strongly Disagree,2 - Disagree,3 - Neutral,Less than today,,High risk
Yes,,,"Instagram / TikTok, Financial News Websites (Bloomberg, Reuters)",3 - Neutral,3 - Neutral,2 - Disagree,3 - Neutral,3 - Neutral,3 - Neutral,3 - Neutral,3 - Neutral,3 - Neutral,3 - Neutral,3 - Neutral,3 - Neutral,3 - Neutral,Less than today,FALSE,
Yes,1 to 3 years,4–7 hours,"X (Twitter), Reddit (e.g., r/wallstreetbets), Financial News Websites (Bloomberg, Reuters, Business Recorder)",3 - Neutral,2 - Disagree,4 - Agree,2 - Disagree,4 - Agree,4 - Agree,1 - Strongly Disagree,2 - Disagree,3 - Neutral,1 - Strongly Disagree,3 - Neutral,4 - Agree,4 - Agree,Less than today,FALSE,High risk
Yes,1 to 3 years,1–3 hours,"X (Twitter), Reddit (e.g., r/wallstreetbets), Financial News Websites (Bloomberg, Reuters, Business Recorder)",3 - Neutral,4 - Agree,3 - Neutral,4 - Agree,4 - Agree,5 - Strongly Agree,2 - Disagree,3 - Neutral,4 - Agree,4 - Agree,5 - Strongly Agree,3 - Neutral,4 - Agree,Less than today,FALSE,High risk
No,1 to 3 years,,,,,,,,,,,,,,,,,,
Yes,3 to 5 years,8–14 hours,"X (Twitter), Financial News Websites (Bloomberg, Reuters, Business Recorder)",1 - Strongly Disagree,1 - Strongly Disagree,1 - Strongly Disagree,1 - Strongly Disagree,1 - Strongly Disagree,1 - Strongly Disagree,1 - Strongly Disagree,1 - Strongly Disagree,1 - Strongly Disagree,1 - Strongly Disagree,1 - Strongly Disagree,1 - Strongly Disagree,1 - Strongly Disagree,Less than today,FALSE,High risk
No,1 to 3 years,,,,,,,,,,,,,,,,,,
Yes,More than 5 years,1–3 hours,"YouTube, Instagram / TikTok, Financial News Websites (Bloomberg, Reuters, Business Recorder)",4 - Agree,4 - Agree,1 - Strongly Disagree,3 - Neutral,5 - Strongly Agree,1 - Strongly Disagree,3 - Neutral,4 - Agree,1 - Strongly Disagree,3 - Neutral,3 - Neutral,1 - Strongly Disagree,1 - Strongly Disagree,Less than today,FALSE,High risk
